t,mass A,mass B,mass C,mass D,mass E
0.000,9.483E-2,2.874E-3,-1.580E-2,-3.161E-2,-4.310E-3
0.033,0.108,1.032E-3,-2.874E-3,9.751E-4,-1.104E-3
0.067,0.102,1.247E-3,-3.324E-3,5.737E-4,-1.448E-3
0.100,9.473E-2,1.486E-3,-3.256E-3,6.496E-4,-1.535E-3
0.133,8.718E-2,1.711E-3,-3.425E-3,5.427E-4,-1.676E-3
0.167,7.881E-2,2.174E-3,-3.875E-3,6.256E-4,-1.586E-3
0.200,6.987E-2,2.290E-3,-3.912E-3,6.573E-4,-1.568E-3
0.233,5.969E-2,2.665E-3,-4.099E-3,6.159E-4,-1.706E-3
0.267,4.843E-2,2.777E-3,-4.012E-3,5.255E-4,-1.517E-3
0.300,3.674E-2,3.094E-3,-4.115E-3,6.139E-4,-1.578E-3
0.333,2.478E-2,3.155E-3,-4.269E-3,3.403E-4,-1.900E-3
0.367,1.313E-2,3.287E-3,-4.678E-3,5.319E-4,-1.921E-3
0.400,1.548E-3,2.915E-3,-4.964E-3,4.907E-4,-1.606E-3
0.433,-1.080E-2,2.959E-3,-5.075E-3,1.944E-4,-2.088E-3
0.467,-2.371E-2,2.945E-3,-5.138E-3,-2.772E-4,-2.603E-3
0.500,-3.593E-2,2.964E-3,-5.146E-3,-4.599E-4,-2.437E-3
0.533,-4.719E-2,2.900E-3,-5.066E-3,-7.274E-4,-2.565E-3
0.567,-5.747E-2,2.830E-3,-4.997E-3,-1.089E-3,-2.506E-3
0.600,-6.773E-2,2.749E-3,-4.925E-3,-1.128E-3,-2.352E-3
0.633,-7.747E-2,2.631E-3,-5.044E-3,-1.445E-3,-2.365E-3
0.667,-8.693E-2,2.321E-3,-5.020E-3,-1.552E-3,-2.606E-3
0.700,-9.523E-2,1.865E-3,-4.885E-3,-2.032E-3,-2.616E-3
0.733,-0.103,1.416E-3,-5.233E-3,-2.575E-3,-2.945E-3
0.767,-0.108,7.001E-4,-5.758E-3,-3.085E-3,-3.435E-3
0.800,-0.112,2.161E-4,-6.046E-3,-3.335E-3,-3.614E-3
0.833,-0.116,-7.929E-4,-6.243E-3,-3.611E-3,-3.918E-3
0.867,-0.119,-1.283E-3,-6.878E-3,-4.072E-3,-4.038E-3
0.900,-0.120,-1.820E-3,-6.776E-3,-4.273E-3,-4.384E-3
0.933,-0.120,-2.803E-3,-7.114E-3,-4.541E-3,-4.474E-3
0.967,-0.118,-3.323E-3,-7.596E-3,-4.948E-3,-4.691E-3
1.000,-0.115,-4.367E-3,-7.824E-3,-5.020E-3,-4.293E-3
1.033,-0.111,-5.143E-3,-8.076E-3,-5.396E-3,-4.946E-3
1.067,-0.106,-6.194E-3,-8.479E-3,-5.650E-3,-4.962E-3
1.100,-0.100,-6.844E-3,-8.642E-3,-5.931E-3,-5.321E-3
1.133,-9.365E-2,-7.291E-3,-8.846E-3,-6.220E-3,-5.508E-3
1.167,-7.184E-2,-7.875E-3,-8.722E-3,-6.570E-3,-5.110E-3
1.200,-6.201E-2,-8.841E-3,-8.828E-3,-6.690E-3,-5.528E-3
1.233,-5.340E-2,-9.331E-3,-8.896E-3,-6.802E-3,-5.239E-3
1.267,-4.399E-2,-9.814E-3,-9.277E-3,-6.600E-3,-5.303E-3
1.300,-3.277E-2,-1.066E-2,-9.623E-3,-6.866E-3,-5.291E-3
1.333,-1.995E-2,-1.097E-2,-9.744E-3,-6.917E-3,-5.246E-3
1.367,-6.360E-3,-1.115E-2,-9.540E-3,-6.572E-3,-5.456E-3
1.400,6.090E-3,-1.136E-2,-9.608E-3,-6.636E-3,-5.482E-3
1.433,1.680E-2,-1.137E-2,-9.643E-3,-6.514E-3,-5.102E-3
1.467,2.784E-2,-1.096E-2,-9.359E-3,-6.089E-3,-5.027E-3
1.500,4.021E-2,-1.076E-2,-9.392E-3,-5.678E-3,-5.212E-3
1.533,5.350E-2,-1.069E-2,-9.270E-3,-5.473E-3,-5.198E-3
1.567,6.590E-2,-9.941E-3,-8.695E-3,-4.858E-3,-4.784E-3
1.600,7.615E-2,-9.369E-3,-8.627E-3,-4.637E-3,-5.058E-3
1.633,8.457E-2,-8.449E-3,-8.340E-3,-4.259E-3,-4.707E-3
1.667,9.350E-2,-7.297E-3,-7.754E-3,-3.359E-3,-4.023E-3
1.700,0.102,-6.308E-3,-7.441E-3,-2.833E-3,-4.153E-3
1.733,0.111,-5.292E-3,-7.169E-3,-2.389E-3,-4.001E-3
1.767,0.119,-3.859E-3,-6.487E-3,-1.460E-3,-3.401E-3
1.800,0.124,-2.966E-3,-6.061E-3,-8.614E-4,-3.208E-3
1.833,0.126,-1.167E-3,-5.147E-3,-2.347E-4,-2.663E-3
1.867,0.129,2.347E-4,-4.225E-3,6.376E-4,-1.926E-3
1.900,0.131,1.766E-3,-3.318E-3,1.154E-3,-1.343E-3
1.933,0.133,3.604E-3,-2.307E-3,1.706E-3,-1.033E-3
1.967,0.133,5.377E-3,-1.272E-3,2.606E-3,-1.420E-4
2.000,0.131,7.112E-3,-5.528E-4,3.191E-3,3.832E-4
2.033,0.127,9.174E-3,5.428E-4,4.106E-3,1.048E-3
2.067,0.123,1.103E-2,1.347E-3,4.940E-3,1.520E-3
2.100,0.117,1.194E-2,1.741E-3,4.907E-3,1.305E-3
2.133,0.112,1.358E-2,2.452E-3,5.290E-3,1.767E-3
2.167,0.106,1.519E-2,2.997E-3,5.606E-3,2.077E-3
2.200,9.725E-2,1.581E-2,3.217E-3,5.642E-3,2.411E-3
2.233,8.778E-2,1.692E-2,4.103E-3,6.056E-3,2.540E-3
2.267,7.708E-2,1.776E-2,4.428E-3,6.259E-3,2.296E-3
2.300,6.703E-2,1.839E-2,4.624E-3,6.336E-3,2.336E-3
2.333,5.649E-2,1.935E-2,5.033E-3,6.552E-3,2.505E-3
2.367,4.552E-2,1.979E-2,5.415E-3,6.480E-3,2.457E-3
2.400,3.389E-2,1.972E-2,5.308E-3,6.186E-3,2.235E-3
2.433,2.185E-2,1.979E-2,5.433E-3,6.284E-3,2.438E-3
2.467,9.311E-3,1.956E-2,5.362E-3,6.089E-3,2.365E-3
2.500,-2.961E-3,1.913E-2,5.004E-3,5.552E-3,1.963E-3
2.533,-1.513E-2,1.883E-2,4.927E-3,5.060E-3,1.951E-3
2.567,-2.648E-2,1.778E-2,4.293E-3,4.612E-3,1.677E-3
2.600,-3.744E-2,1.659E-2,3.510E-3,3.584E-3,9.395E-4
2.633,-4.783E-2,1.574E-2,2.972E-3,3.091E-3,9.113E-4
2.667,-5.810E-2,1.414E-2,1.837E-3,1.862E-3,6.161E-4
2.700,-6.735E-2,1.242E-2,8.777E-4,7.507E-4,-3.299E-4
2.733,-7.484E-2,1.093E-2,3.570E-4,2.331E-5,-7.081E-4
2.767,-8.191E-2,9.262E-3,-1.094E-3,-1.190E-3,-1.436E-3
2.800,-8.754E-2,7.229E-3,-2.188E-3,-2.181E-3,-1.945E-3
2.833,-9.255E-2,5.645E-3,-3.065E-3,-2.924E-3,-2.221E-3
2.867,-9.665E-2,3.386E-3,-4.225E-3,-4.200E-3,-2.991E-3
2.900,-9.947E-2,1.387E-3,-5.219E-3,-5.081E-3,-3.932E-3
2.933,-0.101,-8.331E-4,-6.713E-3,-6.160E-3,-4.732E-3
2.967,-0.105,-3.086E-3,-7.944E-3,-7.612E-3,-5.484E-3
3.000,-0.105,-5.271E-3,-9.065E-3,-8.666E-3,-5.934E-3
3.033,-0.103,-7.361E-3,-1.040E-2,-9.567E-3,-6.459E-3
3.067,-0.100,-9.634E-3,-1.191E-2,-1.061E-2,-7.036E-3
3.100,-9.614E-2,-1.180E-2,-1.309E-2,-1.144E-2,-7.776E-3
3.133,-8.913E-2,-1.377E-2,-1.405E-2,-1.215E-2,-8.257E-3
3.167,-8.169E-2,-1.558E-2,-1.519E-2,-1.310E-2,-8.928E-3
3.200,-7.321E-2,-1.685E-2,-1.587E-2,-1.375E-2,-9.074E-3
3.233,-6.445E-2,-1.805E-2,-1.651E-2,-1.431E-2,-9.140E-3
3.267,-5.475E-2,-1.949E-2,-1.748E-2,-1.468E-2,-9.595E-3
3.300,-4.452E-2,-2.016E-2,-1.789E-2,-1.508E-2,-9.743E-3
3.333,-3.288E-2,-2.077E-2,-1.827E-2,-1.512E-2,-9.961E-3
3.367,-2.156E-2,-2.165E-2,-1.881E-2,-1.530E-2,-1.011E-2
3.400,-1.121E-2,-2.140E-2,-1.869E-2,-1.497E-2,-9.908E-3
3.433,1.189E-4,-2.135E-2,-1.868E-2,-1.490E-2,-9.764E-3
3.467,1.155E-2,-2.127E-2,-1.867E-2,-1.493E-2,-9.920E-3
3.500,2.307E-2,-2.054E-2,-1.841E-2,-1.448E-2,-9.770E-3
3.533,3.518E-2,-1.950E-2,-1.809E-2,-1.425E-2,-9.758E-3
3.567,4.725E-2,-1.837E-2,-1.735E-2,-1.369E-2,-9.510E-3
3.600,5.856E-2,-1.688E-2,-1.661E-2,-1.298E-2,-8.974E-3
3.633,6.858E-2,-1.509E-2,-1.576E-2,-1.212E-2,-8.245E-3
3.667,8.712E-2,-1.314E-2,-1.455E-2,-1.127E-2,-7.470E-3
3.700,9.643E-2,-1.056E-2,-1.322E-2,-1.008E-2,-6.353E-3
3.733,0.105,-8.559E-3,-1.189E-2,-8.764E-3,-5.419E-3
3.767,0.106,-6.062E-3,-1.050E-2,-7.554E-3,-4.531E-3
3.800,0.112,-3.750E-3,-8.688E-3,-5.841E-3,-3.308E-3
3.833,0.123,-9.275E-4,-7.109E-3,-4.686E-3,-2.474E-3
3.867,0.126,1.572E-3,-5.623E-3,-3.542E-3,-1.628E-3
3.900,0.129,4.668E-3,-3.777E-3,-1.983E-3,-5.751E-4
3.933,0.131,7.427E-3,-2.053E-3,-7.998E-4,3.199E-4
3.967,0.132,1.042E-2,-2.362E-4,5.749E-4,1.107E-3
4.000,0.131,1.311E-2,1.760E-3,2.421E-3,2.341E-3
4.033,0.128,1.576E-2,3.591E-3,3.850E-3,3.143E-3
4.067,0.125,1.847E-2,5.523E-3,5.370E-3,4.088E-3
4.100,0.121,2.139E-2,7.345E-3,6.707E-3,5.081E-3
4.133,0.115,2.351E-2,8.917E-3,7.465E-3,5.628E-3
4.167,0.109,2.547E-2,1.061E-2,8.536E-3,6.582E-3
4.200,0.101,2.712E-2,1.218E-2,9.375E-3,7.434E-3
4.233,9.217E-2,2.853E-2,1.286E-2,1.002E-2,8.157E-3
4.267,8.261E-2,3.002E-2,1.337E-2,1.069E-2,8.294E-3
4.300,7.172E-2,3.076E-2,1.397E-2,1.127E-2,8.763E-3
4.333,5.877E-2,3.147E-2,1.408E-2,1.136E-2,8.694E-3
4.367,3.950E-2,3.215E-2,1.415E-2,1.134E-2,8.840E-3
4.400,2.812E-2,3.252E-2,1.404E-2,1.138E-2,8.752E-3
4.433,2.615E-2,3.230E-2,1.395E-2,1.111E-2,8.743E-3
4.467,1.433E-2,3.192E-2,1.387E-2,1.086E-2,8.721E-3
4.500,-1.515E-3,3.099E-2,1.380E-2,1.064E-2,8.588E-3
4.533,-1.959E-2,2.978E-2,1.354E-2,1.032E-2,8.355E-3
4.567,-3.087E-2,2.837E-2,1.338E-2,9.459E-3,7.971E-3
4.600,-4.253E-2,2.694E-2,1.294E-2,8.374E-3,7.444E-3
4.633,-5.406E-2,2.485E-2,1.180E-2,7.248E-3,6.911E-3
4.667,-6.422E-2,2.230E-2,1.055E-2,6.138E-3,5.948E-3
4.700,-7.376E-2,1.968E-2,9.040E-3,4.629E-3,4.961E-3
4.733,-8.158E-2,1.672E-2,7.377E-3,3.019E-3,3.901E-3
4.767,-8.902E-2,1.376E-2,5.839E-3,1.389E-3,2.950E-3
4.800,-9.648E-2,1.064E-2,3.766E-3,-2.074E-4,2.097E-3
4.833,-0.103,7.212E-3,1.827E-3,-1.850E-3,9.976E-4
4.867,-0.108,3.914E-3,-1.868E-4,-3.663E-3,7.905E-5
4.900,-0.111,8.062E-4,-2.199E-3,-5.520E-3,-9.973E-4
4.933,-0.112,-2.184E-3,-4.281E-3,-7.618E-3,-2.297E-3
4.967,-0.113,-5.348E-3,-6.601E-3,-9.190E-3,-3.435E-3
5.000,-0.113,-8.964E-3,-8.729E-3,-1.116E-2,-4.525E-3
5.033,-0.112,-1.204E-2,-1.067E-2,-1.295E-2,-5.622E-3
5.067,-0.110,-1.477E-2,-1.263E-2,-1.486E-2,-6.605E-3
5.100,-0.105,-1.778E-2,-1.487E-2,-1.645E-2,-7.539E-3
5.133,-9.976E-2,-2.050E-2,-1.688E-2,-1.846E-2,-8.433E-3
5.167,-9.346E-2,-2.258E-2,-1.869E-2,-1.988E-2,-9.569E-3
5.200,-8.645E-2,-2.454E-2,-2.037E-2,-2.088E-2,-1.059E-2
5.233,-7.852E-2,-2.675E-2,-2.178E-2,-2.163E-2,-1.154E-2
5.267,-6.919E-2,-2.813E-2,-2.290E-2,-2.240E-2,-1.223E-2
5.300,-5.894E-2,-2.891E-2,-2.409E-2,-2.314E-2,-1.304E-2
5.333,-4.825E-2,-2.959E-2,-2.472E-2,-2.378E-2,-1.336E-2
5.367,-3.736E-2,-3.004E-2,-2.547E-2,-2.427E-2,-1.373E-2
5.400,-2.614E-2,-3.019E-2,-2.559E-2,-2.428E-2,-1.377E-2
5.433,-1.495E-2,-3.027E-2,-2.590E-2,-2.424E-2,-1.373E-2
5.467,-3.407E-3,-2.967E-2,-2.587E-2,-2.406E-2,-1.364E-2
5.500,8.894E-3,-2.859E-2,-2.550E-2,-2.364E-2,-1.359E-2
5.533,2.092E-2,-2.717E-2,-2.470E-2,-2.290E-2,-1.345E-2
5.567,3.223E-2,-2.525E-2,-2.398E-2,-2.233E-2,-1.301E-2
5.600,4.282E-2,-2.293E-2,-2.294E-2,-2.136E-2,-1.245E-2
5.633,5.382E-2,-2.043E-2,-2.171E-2,-2.012E-2,-1.180E-2
5.667,6.453E-2,-1.766E-2,-1.981E-2,-1.867E-2,-1.085E-2
5.700,7.446E-2,-1.446E-2,-1.778E-2,-1.703E-2,-9.844E-3
5.733,8.366E-2,-1.114E-2,-1.555E-2,-1.501E-2,-8.768E-3
5.767,9.183E-2,-7.312E-3,-1.333E-2,-1.300E-2,-7.550E-3
5.800,9.883E-2,-3.665E-3,-1.094E-2,-1.111E-2,-6.083E-3
5.833,0.105,5.232E-4,-8.387E-3,-8.767E-3,-4.634E-3
5.867,0.110,4.369E-3,-5.899E-3,-6.384E-3,-2.985E-3
5.900,0.114,8.607E-3,-3.088E-3,-4.306E-3,-1.893E-3
5.933,0.117,1.127E-2,-2.028E-4,-2.270E-3,-4.282E-4
5.967,0.119,,2.467E-3,8.071E-5,7.390E-4
6.000,0.119,1.546E-2,5.348E-3,2.121E-3,2.000E-3
6.033,0.118,1.944E-2,7.918E-3,4.283E-3,3.577E-3
6.067,0.116,2.345E-2,1.028E-2,6.575E-3,5.023E-3
6.100,0.113,2.709E-2,1.156E-2,8.546E-3,6.543E-3
6.133,0.109,3.045E-2,1.190E-2,1.022E-2,7.669E-3
6.167,0.103,3.323E-2,2.299E-2,1.200E-2,8.605E-3
6.200,9.690E-2,3.588E-2,2.515E-2,1.372E-2,1.012E-2
6.233,8.938E-2,3.822E-2,2.701E-2,1.534E-2,1.126E-2
6.267,8.130E-2,4.019E-2,2.852E-2,1.671E-2,1.214E-2
6.300,7.241E-2,4.177E-2,2.997E-2,1.775E-2,1.300E-2
6.333,6.232E-2,4.284E-2,3.129E-2,1.831E-2,1.329E-2
6.367,5.128E-2,4.344E-2,3.205E-2,1.885E-2,1.371E-2
6.400,3.992E-2,4.338E-2,3.246E-2,1.886E-2,1.345E-2
6.433,2.896E-2,4.300E-2,3.264E-2,1.879E-2,1.345E-2
6.467,1.664E-2,4.225E-2,3.242E-2,1.848E-2,1.337E-2
6.500,5.321E-3,4.092E-2,3.199E-2,1.800E-2,1.319E-2
6.533,-7.007E-3,3.936E-2,3.138E-2,1.760E-2,1.293E-2
6.567,-1.910E-2,3.725E-2,3.048E-2,1.660E-2,1.255E-2
6.600,-3.065E-2,3.500E-2,2.926E-2,1.561E-2,1.198E-2
6.633,-4.200E-2,3.197E-2,2.778E-2,1.443E-2,1.141E-2
6.667,-5.270E-2,2.860E-2,2.588E-2,1.298E-2,1.045E-2
6.700,-6.261E-2,2.496E-2,2.367E-2,1.111E-2,9.240E-3
6.733,-7.227E-2,2.093E-2,2.121E-2,9.080E-3,7.914E-3
6.767,-8.105E-2,1.690E-2,1.856E-2,7.040E-3,6.361E-3
6.800,-8.886E-2,1.260E-2,1.567E-2,4.826E-3,5.000E-3
6.833,-9.538E-2,7.663E-3,1.253E-2,2.084E-3,3.451E-3
6.867,-0.101,3.104E-3,9.875E-3,-4.449E-4,1.586E-3
6.900,-0.105,-1.622E-3,6.659E-3,-2.826E-3,-4.256E-4
6.933,-0.109,-6.371E-3,3.234E-3,-5.424E-3,-2.120E-3
6.967,-0.112,-1.108E-2,5.334E-5,-8.141E-3,-4.137E-3
7.000,-0.113,-1.553E-2,-3.338E-3,-1.097E-2,-5.907E-3
7.033,-0.112,-2.009E-2,-6.684E-3,-1.364E-2,-7.825E-3
7.067,-0.111,-2.440E-2,-9.720E-3,-1.627E-2,-9.545E-3
7.100,-0.108,-2.859E-2,-1.273E-2,-1.848E-2,-1.134E-2
7.133,-0.104,-3.234E-2,-1.584E-2,-2.060E-2,-1.294E-2
7.167,-9.943E-2,-3.565E-2,-1.894E-2,-2.295E-2,-1.451E-2
7.200,-9.334E-2,-3.885E-2,-2.140E-2,-2.502E-2,-1.585E-2
7.233,-8.578E-2,-4.121E-2,-2.378E-2,-2.685E-2,-1.679E-2
7.267,-7.623E-2,-4.351E-2,-2.615E-2,-2.850E-2,-1.769E-2
7.300,-6.738E-2,-4.509E-2,-2.779E-2,-2.982E-2,-1.823E-2
7.333,-5.770E-2,-4.619E-2,-2.945E-2,-3.072E-2,-1.911E-2
7.367,-4.760E-2,-4.679E-2,-3.076E-2,-3.161E-2,-2.003E-2
7.400,-3.655E-2,-4.700E-2,-3.144E-2,-3.198E-2,-2.024E-2
7.433,-2.468E-2,-4.645E-2,-3.191E-2,-3.193E-2,-2.043E-2
7.467,-1.271E-2,-4.595E-2,-3.186E-2,-3.177E-2,-2.038E-2
7.500,-6.500E-4,-4.412E-2,-3.117E-2,-3.098E-2,-2.005E-2
7.533,1.116E-2,-4.221E-2,-3.015E-2,-3.011E-2,-1.985E-2
7.567,2.282E-2,-3.992E-2,-2.892E-2,-2.901E-2,-1.966E-2
7.600,3.447E-2,-3.707E-2,-2.728E-2,-2.774E-2,-1.913E-2
7.633,4.586E-2,-3.351E-2,-2.534E-2,-2.623E-2,-1.826E-2
7.667,5.675E-2,-3.001E-2,-2.319E-2,-2.435E-2,-1.724E-2
7.700,6.718E-2,-2.576E-2,-2.065E-2,-2.223E-2,-1.607E-2
7.733,7.671E-2,-2.102E-2,-1.783E-2,-2.009E-2,-1.478E-2
7.767,8.544E-2,-1.635E-2,-1.491E-2,-1.804E-2,-1.343E-2
7.800,9.403E-2,-1.099E-2,-1.148E-2,-1.502E-2,-1.173E-2
7.833,0.102,-5.616E-3,-7.902E-3,-1.226E-2,-9.877E-3
7.867,0.108,-9.693E-5,-3.979E-3,-9.295E-3,-8.045E-3
7.900,0.113,5.054E-3,-2.278E-4,-6.398E-3,-6.075E-3
7.933,0.117,1.059E-2,3.669E-3,-3.455E-3,-4.240E-3
7.967,0.120,1.598E-2,7.356E-3,-7.324E-4,-2.366E-3
8.000,0.122,2.143E-2,1.122E-2,2.324E-3,-3.256E-4
8.033,0.123,2.649E-2,1.481E-2,5.529E-3,1.414E-3
8.067,0.122,3.117E-2,1.840E-2,8.261E-3,3.265E-3
8.100,0.120,3.564E-2,2.195E-2,1.115E-2,5.076E-3
8.133,0.117,3.985E-2,2.547E-2,1.374E-2,6.922E-3
8.167,0.113,4.392E-2,2.877E-2,1.615E-2,8.535E-3
8.200,0.108,4.741E-2,3.166E-2,1.870E-2,1.029E-2
8.233,0.102,5.051E-2,3.419E-2,2.063E-2,1.164E-2
8.267,9.495E-2,5.303E-2,3.667E-2,2.212E-2,1.291E-2
8.300,8.649E-2,5.497E-2,3.885E-2,2.389E-2,1.439E-2
8.333,7.732E-2,5.622E-2,4.046E-2,2.514E-2,1.499E-2
8.367,6.798E-2,5.691E-2,4.170E-2,2.594E-2,1.590E-2
8.400,5.771E-2,5.698E-2,4.250E-2,2.646E-2,1.647E-2
8.433,4.761E-2,5.667E-2,4.308E-2,2.693E-2,1.687E-2
8.467,3.652E-2,5.580E-2,4.333E-2,2.683E-2,1.714E-2
8.500,2.456E-2,5.426E-2,4.321E-2,2.650E-2,1.708E-2
8.533,1.271E-2,5.214E-2,4.237E-2,2.589E-2,1.686E-2
8.567,6.066E-4,4.935E-2,4.127E-2,2.499E-2,1.626E-2
8.600,-1.099E-2,4.643E-2,3.992E-2,2.376E-2,1.545E-2
8.633,-2.182E-2,4.271E-2,3.771E-2,2.204E-2,1.436E-2
8.667,-3.306E-2,3.853E-2,3.556E-2,2.038E-2,1.337E-2
8.700,-4.413E-2,3.390E-2,3.309E-2,1.811E-2,1.210E-2
8.733,-5.416E-2,2.881E-2,3.007E-2,1.579E-2,1.060E-2
8.767,-6.349E-2,2.364E-2,2.692E-2,1.300E-2,8.855E-3
8.800,-7.162E-2,1.803E-2,2.317E-2,1.010E-2,6.853E-3
8.833,-7.959E-2,1.223E-2,1.928E-2,7.149E-3,5.013E-3
8.867,-8.625E-2,6.507E-3,1.544E-2,3.838E-3,2.938E-3
8.900,-9.830E-2,4.610E-4,1.117E-2,6.094E-4,1.016E-3
8.933,-0.103,-5.532E-3,6.650E-3,-2.872E-3,-1.121E-3
8.967,-0.106,-1.138E-2,2.328E-3,-6.176E-3,-3.488E-3
9.000,-0.108,-1.748E-2,-1.902E-3,-9.972E-3,-5.748E-3
9.033,-0.109,-2.288E-2,-6.382E-3,-1.336E-2,-8.107E-3
9.067,-0.109,-2.817E-2,-1.047E-2,-1.647E-2,-1.007E-2
9.100,-0.108,-3.340E-2,-1.468E-2,-1.976E-2,-1.213E-2
9.133,-0.106,-3.790E-2,-1.875E-2,-2.281E-2,-1.413E-2
9.167,-0.102,-4.200E-2,-2.240E-2,-2.535E-2,-1.621E-2
9.200,-9.791E-2,-4.603E-2,-2.598E-2,-2.794E-2,-1.818E-2
9.233,-9.171E-2,-4.933E-2,-2.918E-2,-3.047E-2,-1.993E-2
9.267,-8.483E-2,-5.206E-2,-3.178E-2,-3.260E-2,-2.147E-2
9.300,-7.715E-2,-5.439E-2,-3.411E-2,-3.441E-2,-2.286E-2
9.333,-6.916E-2,-5.581E-2,-3.635E-2,-3.607E-2,-2.393E-2
9.367,-6.056E-2,-5.665E-2,-3.794E-2,-3.726E-2,-2.477E-2
9.400,-5.031E-2,-5.703E-2,-3.912E-2,-3.809E-2,-2.555E-2
9.433,-4.040E-2,-5.669E-2,-3.997E-2,-3.863E-2,-2.612E-2
9.467,-2.914E-2,-5.570E-2,-4.013E-2,-3.896E-2,-2.651E-2
9.500,-1.821E-2,-5.401E-2,-3.985E-2,-3.869E-2,-2.650E-2
9.533,-7.164E-3,-5.154E-2,-3.923E-2,-3.828E-2,-2.643E-2
9.567,4.850E-3,-4.856E-2,-3.792E-2,-3.724E-2,-2.589E-2
9.600,1.639E-2,-4.486E-2,-3.625E-2,-3.579E-2,-2.496E-2
9.633,2.837E-2,-4.062E-2,-3.406E-2,-3.431E-2,-2.379E-2
9.667,3.788E-2,-3.582E-2,-3.180E-2,-3.237E-2,-2.274E-2
9.700,5.029E-2,-3.061E-2,-2.871E-2,-3.001E-2,-2.120E-2
9.733,5.962E-2,-2.471E-2,-2.544E-2,-2.713E-2,-1.950E-2
9.767,6.825E-2,-1.885E-2,-2.152E-2,-2.422E-2,-1.734E-2
9.800,7.616E-2,-1.293E-2,-1.752E-2,-2.110E-2,-1.573E-2
9.833,8.461E-2,-6.294E-3,-1.336E-2,-1.784E-2,-1.340E-2
9.867,9.926E-2,4.176E-4,-8.634E-3,-1.417E-2,-1.144E-2
9.900,0.106,6.950E-3,-4.018E-3,-1.058E-2,-9.151E-3
9.933,0.111,1.347E-2,8.910E-4,-6.575E-3,-6.823E-3
9.967,0.116,1.995E-2,5.628E-3,-2.882E-3,-4.360E-3
10.000,0.119,2.619E-2,1.037E-2,8.793E-4,-2.045E-3
10.033,0.120,3.247E-2,1.498E-2,4.548E-3,4.140E-4
10.067,0.121,3.845E-2,1.966E-2,8.298E-3,2.989E-3
10.100,0.120,4.398E-2,2.390E-2,1.183E-2,5.410E-3
10.133,0.118,4.916E-2,2.841E-2,1.534E-2,7.658E-3
10.167,0.116,5.406E-2,3.285E-2,1.878E-2,9.902E-3
10.200,9.976E-2,5.804E-2,3.687E-2,2.151E-2,1.178E-2
10.233,9.398E-2,6.149E-2,4.048E-2,2.431E-2,1.353E-2
10.267,8.699E-2,6.453E-2,4.375E-2,2.667E-2,1.527E-2
10.300,7.950E-2,6.648E-2,4.628E-2,2.871E-2,1.662E-2
10.333,7.087E-2,6.804E-2,4.858E-2,3.051E-2,1.817E-2
10.367,6.157E-2,6.891E-2,5.069E-2,3.186E-2,1.913E-2
10.400,5.147E-2,6.918E-2,5.211E-2,3.313E-2,1.997E-2
10.433,4.135E-2,6.860E-2,5.283E-2,3.388E-2,2.066E-2
10.467,3.005E-2,6.771E-2,5.319E-2,3.430E-2,2.112E-2
10.500,1.851E-2,6.596E-2,5.339E-2,3.417E-2,2.097E-2
10.533,6.986E-3,6.343E-2,5.271E-2,3.365E-2,2.078E-2
10.567,-4.593E-3,6.037E-2,5.165E-2,3.256E-2,2.058E-2
10.600,-1.670E-2,5.675E-2,4.993E-2,3.095E-2,1.992E-2
10.633,-2.813E-2,5.222E-2,4.779E-2,2.949E-2,1.895E-2
10.667,-3.954E-2,4.729E-2,4.518E-2,2.748E-2,1.788E-2
10.700,-5.103E-2,4.212E-2,4.213E-2,2.516E-2,1.654E-2
10.733,-6.169E-2,3.598E-2,3.878E-2,2.222E-2,1.522E-2
10.767,-7.158E-2,2.958E-2,3.491E-2,1.910E-2,1.334E-2
10.800,-8.129E-2,2.330E-2,3.060E-2,1.570E-2,1.113E-2
10.833,-8.477E-2,1.670E-2,2.596E-2,1.203E-2,8.968E-3
10.867,-9.255E-2,9.898E-3,2.110E-2,8.201E-3,6.560E-3
10.900,-9.945E-2,2.760E-3,1.609E-2,4.415E-3,4.239E-3
10.933,-0.105,-4.105E-3,1.096E-2,2.254E-4,1.560E-3
10.967,-0.110,-1.104E-2,5.800E-3,-3.900E-3,-1.279E-3
11.000,-0.113,-1.778E-2,2.834E-4,-8.126E-3,-4.081E-3
11.033,-0.115,-2.461E-2,-5.410E-3,-1.246E-2,-7.006E-3
11.067,-0.116,-3.093E-2,-1.076E-2,-1.644E-2,-9.682E-3
11.100,-0.116,-3.710E-2,-1.569E-2,-2.051E-2,-1.241E-2
11.133,-0.115,-4.238E-2,-2.064E-2,-2.432E-2,-1.516E-2
11.167,-0.112,-4.713E-2,-2.521E-2,-2.786E-2,-1.761E-2
11.200,-0.108,-5.156E-2,-2.967E-2,-3.146E-2,-1.987E-2
11.233,-0.103,-5.544E-2,-3.392E-2,-3.469E-2,-2.226E-2
11.267,-9.759E-2,-5.834E-2,-3.718E-2,-3.724E-2,-2.393E-2
11.300,-9.090E-2,-6.072E-2,-4.058E-2,-3.986E-2,-2.570E-2
11.333,-8.310E-2,-6.254E-2,-4.351E-2,-4.199E-2,-2.730E-2
11.367,-7.411E-2,-6.333E-2,-4.562E-2,-4.354E-2,-2.848E-2
11.400,-6.430E-2,-6.356E-2,-4.729E-2,-4.490E-2,-2.945E-2
11.433,-5.441E-2,-6.281E-2,-4.834E-2,-4.558E-2,-3.018E-2
11.467,-4.393E-2,-6.129E-2,-4.881E-2,-4.591E-2,-3.057E-2
11.500,-3.311E-2,-5.922E-2,-4.908E-2,-4.575E-2,-3.067E-2
11.533,-2.162E-2,-5.617E-2,-4.846E-2,-4.529E-2,-3.026E-2
11.567,-1.033E-2,-5.256E-2,-4.720E-2,-4.436E-2,-2.990E-2
11.600,1.126E-3,-4.836E-2,-4.550E-2,-4.332E-2,-2.953E-2
11.633,1.296E-2,-4.332E-2,-4.309E-2,-4.153E-2,-2.831E-2
11.667,2.417E-2,-3.777E-2,-4.012E-2,-3.959E-2,-2.717E-2
11.700,3.506E-2,-3.180E-2,-3.652E-2,-3.708E-2,-2.567E-2
11.733,4.558E-2,-2.533E-2,-3.255E-2,-3.429E-2,-2.376E-2
11.767,5.578E-2,-1.857E-2,-2.815E-2,-3.077E-2,-2.188E-2
11.800,6.531E-2,-1.126E-2,-2.338E-2,-2.714E-2,-1.972E-2
11.833,7.423E-2,-4.085E-3,-1.833E-2,-2.314E-2,-1.725E-2
11.867,8.218E-2,3.317E-3,-1.305E-2,-1.893E-2,-1.460E-2
11.900,8.913E-2,1.074E-2,-7.726E-3,-1.460E-2,-1.170E-2
11.933,9.550E-2,1.821E-2,-2.034E-3,-1.030E-2,-8.965E-3
11.967,0.101,2.557E-2,3.618E-3,-5.932E-3,-6.121E-3
12.000,0.105,3.272E-2,9.175E-3,-1.278E-3,-3.281E-3
12.033,0.107,3.992E-2,1.465E-2,3.464E-3,-1.970E-4
12.067,0.109,4.682E-2,1.992E-2,8.050E-3,2.506E-3
12.100,0.109,5.302E-2,2.561E-2,1.227E-2,5.255E-3
12.133,0.109,5.889E-2,3.097E-2,1.630E-2,7.872E-3
12.167,0.108,6.422E-2,3.644E-2,2.053E-2,1.061E-2
12.200,0.105,6.900E-2,4.127E-2,2.424E-2,1.324E-2
12.233,0.101,7.325E-2,4.604E-2,2.763E-2,1.588E-2
12.267,9.600E-2,7.654E-2,4.977E-2,3.059E-2,1.806E-2
12.300,9.004E-2,7.927E-2,5.354E-2,3.344E-2,2.020E-2
12.333,8.315E-2,8.089E-2,5.657E-2,3.567E-2,2.170E-2
12.367,7.508E-2,8.194E-2,5.881E-2,3.773E-2,2.313E-2
12.400,6.664E-2,8.186E-2,6.079E-2,3.925E-2,2.442E-2
12.433,5.747E-2,8.137E-2,6.207E-2,4.053E-2,2.538E-2
12.467,4.754E-2,7.947E-2,6.271E-2,4.096E-2,2.601E-2
12.500,3.699E-2,7.718E-2,6.276E-2,4.090E-2,2.649E-2
12.533,2.595E-2,7.416E-2,6.237E-2,4.053E-2,2.639E-2
12.567,1.511E-2,7.072E-2,6.156E-2,3.967E-2,2.617E-2
12.600,3.817E-3,6.616E-2,5.987E-2,3.849E-2,2.556E-2
12.633,-7.784E-3,6.118E-2,5.777E-2,3.681E-2,2.461E-2
12.667,-1.892E-2,5.572E-2,5.511E-2,3.483E-2,2.345E-2
12.700,-3.005E-2,4.938E-2,5.173E-2,3.223E-2,2.187E-2
12.733,-4.070E-2,4.275E-2,4.780E-2,2.927E-2,1.989E-2
12.767,-5.093E-2,3.572E-2,4.342E-2,2.599E-2,1.786E-2
12.800,-6.062E-2,2.824E-2,3.858E-2,2.212E-2,1.559E-2
12.833,-6.986E-2,2.026E-2,3.329E-2,1.780E-2,1.259E-2
12.867,-7.850E-2,1.194E-2,2.763E-2,1.329E-2,9.863E-3
12.900,-8.596E-2,3.500E-3,2.154E-2,8.367E-3,6.871E-3
12.933,-9.269E-2,-4.773E-3,1.536E-2,3.664E-3,3.698E-3
12.967,-9.860E-2,-1.313E-2,9.050E-3,-1.263E-3,8.768E-4
13.000,-0.103,-2.116E-2,2.814E-3,-6.100E-3,-2.460E-3
13.033,-0.107,-2.862E-2,-3.747E-3,-1.082E-2,-5.493E-3
13.067,-0.109,-3.585E-2,-1.013E-2,-1.596E-2,-8.874E-3
13.100,-0.110,-4.245E-2,-1.622E-2,-2.057E-2,-1.183E-2
13.133,-0.110,-4.858E-2,-2.212E-2,-2.510E-2,-1.517E-2
13.167,-0.108,-5.437E-2,-2.797E-2,-2.961E-2,-1.819E-2
13.200,-0.106,-5.938E-2,-3.340E-2,-3.393E-2,-2.097E-2
13.233,-0.102,-6.394E-2,-3.847E-2,-3.803E-2,-2.391E-2
13.267,-9.774E-2,-6.739E-2,-4.315E-2,-4.169E-2,-2.642E-2
13.300,-9.210E-2,-7.015E-2,-4.690E-2,-4.477E-2,-2.864E-2
13.333,-8.520E-2,-7.198E-2,-5.012E-2,-4.743E-2,-3.048E-2
13.367,-7.740E-2,-7.295E-2,-5.314E-2,-4.970E-2,-3.215E-2
13.400,-6.900E-2,-7.300E-2,-5.529E-2,-5.179E-2,-3.365E-2
13.433,-5.987E-2,-7.233E-2,-5.711E-2,-5.316E-2,-3.498E-2
13.467,-4.977E-2,-7.087E-2,-5.779E-2,-5.376E-2,-3.568E-2
13.500,-3.965E-2,-6.859E-2,-5.806E-2,-5.403E-2,-3.624E-2
13.533,-2.848E-2,-6.501E-2,-5.802E-2,-5.371E-2,-3.603E-2
13.567,-1.765E-2,-6.123E-2,-5.668E-2,-5.293E-2,-3.589E-2
13.600,-6.377E-3,-5.679E-2,-5.496E-2,-5.162E-2,-3.529E-2
13.633,4.924E-3,-5.139E-2,-5.246E-2,-4.992E-2,-3.416E-2
13.667,1.596E-2,-4.530E-2,-4.916E-2,-4.764E-2,-3.281E-2
13.700,2.713E-2,-3.853E-2,-4.575E-2,-4.469E-2,-3.141E-2
13.733,3.779E-2,-3.128E-2,-4.153E-2,-4.145E-2,-2.943E-2
13.767,4.813E-2,-2.364E-2,-3.702E-2,-3.793E-2,-2.729E-2
13.800,5.831E-2,-1.559E-2,-3.200E-2,-3.389E-2,-2.489E-2
13.833,6.761E-2,-7.244E-3,-2.630E-2,-2.934E-2,-2.202E-2
13.867,7.646E-2,1.405E-3,-2.006E-2,-2.469E-2,-1.896E-2
13.900,8.423E-2,9.603E-3,-1.365E-2,-1.995E-2,-1.598E-2
13.933,9.112E-2,1.811E-2,-7.291E-3,-1.466E-2,-1.287E-2
13.967,9.746E-2,2.634E-2,-8.467E-4,-9.517E-3,-9.220E-3
14.000,0.103,3.440E-2,5.601E-3,-4.129E-3,-5.603E-3
14.033,0.107,4.251E-2,1.192E-2,1.342E-3,-1.919E-3
14.067,0.110,4.972E-2,1.863E-2,6.692E-3,1.825E-3
14.100,0.112,5.653E-2,2.489E-2,1.165E-2,5.319E-3
14.133,0.112,6.316E-2,3.131E-2,1.674E-2,8.633E-3
14.167,0.112,6.885E-2,3.731E-2,2.168E-2,1.212E-2
14.200,0.111,7.402E-2,4.269E-2,2.623E-2,1.521E-2
14.233,0.108,7.888E-2,4.794E-2,3.027E-2,1.827E-2
14.267,0.104,8.234E-2,5.281E-2,3.415E-2,2.074E-2
14.300,9.964E-2,8.554E-2,5.713E-2,3.773E-2,2.343E-2
14.333,9.380E-2,8.727E-2,6.104E-2,4.079E-2,2.598E-2
14.367,8.695E-2,8.852E-2,6.419E-2,4.325E-2,2.808E-2
14.400,7.920E-2,8.844E-2,6.656E-2,4.540E-2,2.988E-2
14.433,7.067E-2,8.782E-2,6.839E-2,4.687E-2,3.117E-2
14.467,6.151E-2,8.572E-2,6.957E-2,4.792E-2,3.190E-2
14.500,5.199E-2,8.320E-2,6.996E-2,4.840E-2,3.259E-2
14.533,4.177E-2,7.943E-2,6.981E-2,4.801E-2,3.283E-2
14.567,3.104E-2,7.511E-2,6.914E-2,4.725E-2,3.269E-2
14.600,1.986E-2,6.997E-2,6.748E-2,4.600E-2,3.221E-2
14.633,8.723E-3,6.427E-2,6.506E-2,4.431E-2,3.101E-2
14.667,-2.450E-3,5.798E-2,6.184E-2,4.204E-2,2.980E-2
14.700,-1.345E-2,5.073E-2,5.824E-2,3.956E-2,2.827E-2
14.733,-2.448E-2,4.334E-2,5.410E-2,3.640E-2,2.639E-2
14.767,-3.547E-2,3.483E-2,4.943E-2,3.258E-2,2.416E-2
14.800,-4.588E-2,2.629E-2,4.424E-2,2.823E-2,2.173E-2
14.833,-5.560E-2,1.781E-2,3.842E-2,2.421E-2,1.896E-2
14.867,-6.459E-2,8.662E-3,3.239E-2,1.911E-2,1.582E-2
14.900,-7.267E-2,-3.862E-4,2.555E-2,1.407E-2,1.262E-2
14.933,-8.061E-2,-9.339E-3,1.866E-2,8.567E-3,8.986E-3
14.967,-8.762E-2,-1.799E-2,1.154E-2,2.928E-3,5.326E-3
15.000,-9.329E-2,-2.682E-2,4.339E-3,-2.761E-3,1.341E-3
15.033,-9.765E-2,-3.510E-2,-2.900E-3,-8.507E-3,-2.417E-3
15.067,-0.101,-4.317E-2,-1.022E-2,-1.409E-2,-6.258E-3
15.100,-0.104,-5.058E-2,-1.740E-2,-1.951E-2,-9.839E-3
15.133,-0.105,-5.755E-2,-2.446E-2,-2.488E-2,-1.362E-2
15.167,-0.105,-6.418E-2,-3.104E-2,-3.019E-2,-1.723E-2
15.200,-0.104,-7.012E-2,-3.731E-2,-3.487E-2,-2.071E-2
15.233,-0.102,-7.477E-2,-4.314E-2,-3.976E-2,-2.412E-2
15.267,-9.793E-2,-7.870E-2,-4.848E-2,-4.416E-2,-2.720E-2
15.300,-9.313E-2,-8.146E-2,-5.322E-2,-4.812E-2,-3.013E-2
15.333,-8.759E-2,-8.348E-2,-5.746E-2,-5.157E-2,-3.290E-2
15.367,-8.105E-2,-8.490E-2,-6.117E-2,-5.465E-2,-3.522E-2
15.400,-7.363E-2,-8.502E-2,-6.407E-2,-5.700E-2,-3.701E-2
15.433,-6.516E-2,-8.407E-2,-6.621E-2,-5.864E-2,-3.847E-2
15.467,-5.597E-2,-8.206E-2,-6.745E-2,-5.954E-2,-3.964E-2
15.500,-4.648E-2,-7.926E-2,-6.812E-2,-6.008E-2,-4.036E-2
15.533,-3.664E-2,-7.558E-2,-6.776E-2,-6.023E-2,-4.073E-2
15.567,-2.645E-2,-7.098E-2,-6.681E-2,-5.951E-2,-4.061E-2
15.600,-1.542E-2,-6.542E-2,-6.500E-2,-5.830E-2,-4.008E-2
15.633,-4.300E-3,-5.940E-2,-6.248E-2,-5.655E-2,-3.953E-2
15.667,6.898E-3,-5.262E-2,-5.908E-2,-5.424E-2,-3.830E-2
15.700,1.809E-2,-4.511E-2,-5.532E-2,-5.101E-2,-3.679E-2
15.733,2.937E-2,-3.698E-2,-5.097E-2,-4.752E-2,-3.489E-2
15.767,3.972E-2,-2.832E-2,-4.586E-2,-4.353E-2,-3.267E-2
15.800,5.001E-2,-1.941E-2,-3.989E-2,-3.917E-2,-3.016E-2
15.833,6.006E-2,-1.040E-2,-3.372E-2,-3.437E-2,-2.751E-2
15.867,6.942E-2,-1.320E-3,-2.691E-2,-2.927E-2,-2.423E-2
15.900,7.830E-2,8.111E-3,-1.980E-2,-2.359E-2,-2.094E-2
15.933,8.619E-2,1.702E-2,-1.232E-2,-1.788E-2,-1.747E-2
15.967,9.360E-2,2.617E-2,-4.726E-3,-1.181E-2,-1.352E-2
16.000,0.100,3.528E-2,2.879E-3,-6.052E-3,-9.734E-3
16.033,0.106,4.392E-2,9.853E-3,-1.542E-4,-5.805E-3
16.067,0.110,5.225E-2,1.149E-2,6.013E-3,-2.110E-3
16.100,0.113,5.980E-2,1.897E-2,1.200E-2,2.000E-3
16.133,0.115,6.674E-2,2.630E-2,1.743E-2,6.105E-3
16.167,0.116,7.312E-2,3.309E-2,2.312E-2,9.673E-3
16.200,0.116,7.905E-2,3.957E-2,2.826E-2,1.338E-2
16.233,0.115,8.392E-2,4.565E-2,3.334E-2,1.700E-2
16.267,0.113,8.783E-2,5.125E-2,3.774E-2,2.042E-2
16.300,0.109,9.060E-2,5.631E-2,4.172E-2,2.369E-2
16.333,0.104,9.252E-2,6.067E-2,4.529E-2,2.646E-2
16.367,9.862E-2,9.336E-2,6.443E-2,4.825E-2,2.885E-2
16.400,9.228E-2,9.329E-2,6.725E-2,5.083E-2,3.096E-2
16.433,8.509E-2,9.242E-2,6.962E-2,5.277E-2,3.278E-2
16.467,7.662E-2,9.052E-2,7.169E-2,5.427E-2,3.426E-2
16.500,6.749E-2,8.749E-2,7.256E-2,5.505E-2,3.541E-2
16.533,5.777E-2,8.373E-2,7.256E-2,5.549E-2,3.598E-2
16.567,4.778E-2,7.922E-2,7.172E-2,5.492E-2,3.644E-2
16.600,3.720E-2,7.370E-2,6.999E-2,5.367E-2,3.615E-2
16.633,2.677E-2,6.735E-2,6.792E-2,5.183E-2,3.552E-2
16.667,1.522E-2,6.034E-2,6.486E-2,4.960E-2,3.440E-2
16.700,4.265E-3,5.291E-2,6.123E-2,4.704E-2,3.295E-2
16.733,-6.566E-3,4.479E-2,5.667E-2,4.349E-2,3.081E-2
16.767,-1.754E-2,3.640E-2,5.150E-2,3.964E-2,2.894E-2
16.800,-2.804E-2,2.703E-2,4.548E-2,3.514E-2,2.624E-2
16.833,-3.823E-2,1.796E-2,3.922E-2,3.039E-2,2.343E-2
16.867,-4.802E-2,8.545E-3,3.263E-2,2.528E-2,2.010E-2
16.900,-5.715E-2,-1.148E-3,2.538E-2,1.954E-2,1.675E-2
16.933,-6.554E-2,-1.111E-2,1.777E-2,1.347E-2,1.300E-2
16.967,-7.298E-2,-2.030E-2,9.912E-3,7.643E-3,9.442E-3
17.000,-7.977E-2,-2.950E-2,1.649E-3,1.142E-3,5.304E-3
17.033,-8.581E-2,-3.849E-2,-6.677E-3,-5.428E-3,1.092E-3
17.067,-9.084E-2,-4.682E-2,-1.499E-2,-1.189E-2,-3.213E-3
17.100,-9.489E-2,-5.505E-2,-2.339E-2,-1.836E-2,-7.691E-3
17.133,-9.705E-2,-6.262E-2,-3.146E-2,-2.458E-2,-1.182E-2
17.167,-9.803E-2,-6.923E-2,-3.892E-2,-3.039E-2,-1.606E-2
17.200,-9.788E-2,-7.514E-2,-4.607E-2,-3.619E-2,-2.027E-2
17.233,-9.684E-2,-8.032E-2,-5.298E-2,-4.177E-2,-2.422E-2
17.267,-9.475E-2,-8.430E-2,-5.956E-2,-4.668E-2,-2.815E-2
17.300,-9.178E-2,-8.753E-2,-6.563E-2,-5.114E-2,-3.190E-2
17.333,-8.766E-2,-8.982E-2,-7.067E-2,-5.510E-2,-3.508E-2
17.367,-8.209E-2,-9.082E-2,-7.527E-2,-5.845E-2,-3.777E-2
17.400,-7.572E-2,-9.086E-2,-7.945E-2,-6.147E-2,-4.023E-2
17.433,-6.840E-2,-9.017E-2,-8.210E-2,-6.364E-2,-4.236E-2
17.467,-6.030E-2,-8.839E-2,-8.403E-2,-6.561E-2,-4.396E-2
17.500,-5.180E-2,-8.536E-2,-8.501E-2,-6.674E-2,-4.508E-2
17.533,-4.206E-2,-8.150E-2,-8.501E-2,-6.691E-2,-4.571E-2
17.567,-3.233E-2,-7.631E-2,-8.413E-2,-6.664E-2,-4.597E-2
17.600,-2.194E-2,-7.065E-2,-8.303E-2,-6.572E-2,-4.596E-2
17.633,-1.137E-2,-6.403E-2,-8.049E-2,-6.413E-2,-4.514E-2
17.667,-9.200E-4,-5.696E-2,-7.706E-2,-6.166E-2,-4.431E-2
17.700,1.001E-2,-4.902E-2,-7.336E-2,-5.863E-2,-4.266E-2
17.733,2.063E-2,-4.016E-2,-6.847E-2,-5.486E-2,-4.027E-2
17.767,3.147E-2,-3.142E-2,-6.293E-2,-5.087E-2,-3.846E-2
17.800,4.196E-2,-2.176E-2,-5.652E-2,-4.628E-2,-3.561E-2
17.833,5.234E-2,-1.192E-2,-4.945E-2,-4.109E-2,-3.284E-2
17.867,6.172E-2,-2.165E-3,-4.236E-2,-3.562E-2,-2.952E-2
17.900,7.067E-2,8.077E-3,-3.458E-2,-2.950E-2,-2.551E-2
17.933,7.918E-2,1.795E-2,-2.665E-2,-2.349E-2,-2.180E-2
17.967,8.677E-2,2.742E-2,-1.844E-2,-1.718E-2,-1.816E-2
18.000,9.361E-2,3.705E-2,-9.749E-3,-1.040E-2,-1.362E-2
18.033,9.983E-2,4.644E-2,-1.352E-3,-3.796E-3,-9.296E-3
18.067,0.105,5.533E-2,7.089E-3,2.755E-3,-4.565E-3
18.100,0.108,6.332E-2,1.532E-2,9.259E-3,8.068E-5
18.133,0.112,7.092E-2,2.398E-2,1.556E-2,4.998E-3
18.167,0.114,7.768E-2,3.158E-2,2.200E-2,8.728E-3
18.200,0.114,8.360E-2,3.922E-2,2.805E-2,1.324E-2
18.233,0.114,8.886E-2,4.632E-2,3.338E-2,1.751E-2
18.267,0.113,9.330E-2,5.314E-2,3.842E-2,2.163E-2
18.300,0.111,9.651E-2,5.903E-2,4.347E-2,2.544E-2
18.333,0.108,9.887E-2,6.430E-2,4.782E-2,2.889E-2
18.367,0.103,9.999E-2,6.878E-2,5.162E-2,3.184E-2
18.400,9.757E-2,0.100,7.268E-2,5.487E-2,3.460E-2
18.433,9.123E-2,9.977E-2,7.571E-2,5.727E-2,3.669E-2
18.467,8.379E-2,9.766E-2,7.791E-2,5.914E-2,3.842E-2
18.500,7.577E-2,9.494E-2,7.945E-2,6.037E-2,3.984E-2
18.533,6.670E-2,9.088E-2,7.963E-2,6.083E-2,4.093E-2
18.567,5.747E-2,8.624E-2,7.925E-2,6.071E-2,4.130E-2
18.600,4.786E-2,8.089E-2,7.808E-2,6.006E-2,4.111E-2
18.633,3.712E-2,7.437E-2,7.592E-2,5.844E-2,4.052E-2
18.667,2.706E-2,6.723E-2,7.290E-2,5.626E-2,3.925E-2
18.700,1.631E-2,5.915E-2,6.886E-2,5.347E-2,3.821E-2
18.733,5.017E-3,5.013E-2,6.427E-2,4.993E-2,3.627E-2
18.767,-5.949E-3,4.125E-2,5.876E-2,4.578E-2,3.409E-2
18.800,-1.673E-2,3.182E-2,5.271E-2,4.156E-2,3.132E-2
18.833,-2.748E-2,2.172E-2,4.586E-2,3.620E-2,2.814E-2
18.867,-3.800E-2,1.159E-2,3.848E-2,3.054E-2,2.471E-2
18.900,-4.694E-2,1.536E-3,3.086E-2,2.473E-2,2.081E-2
18.933,-5.621E-2,-8.840E-3,2.264E-2,1.835E-2,1.688E-2
18.967,-6.403E-2,-1.883E-2,1.406E-2,1.190E-2,1.247E-2
19.000,-7.214E-2,-2.868E-2,5.341E-3,5.086E-3,7.947E-3
19.033,-7.844E-2,-3.803E-2,-3.920E-3,-1.864E-3,3.365E-3
19.067,-8.426E-2,-4.688E-2,-1.299E-2,-8.791E-3,-1.419E-3
19.100,-8.856E-2,-5.540E-2,-2.193E-2,-1.579E-2,-6.198E-3
19.133,-9.193E-2,-6.314E-2,-3.061E-2,-2.261E-2,-1.073E-2
19.167,-9.466E-2,-7.047E-2,-3.883E-2,-2.918E-2,-1.543E-2
19.200,-9.648E-2,-7.693E-2,-4.668E-2,-3.555E-2,-2.000E-2
19.233,-9.702E-2,-8.213E-2,-5.456E-2,-4.164E-2,-2.454E-2
19.267,-9.610E-2,-8.643E-2,-6.139E-2,-4.745E-2,-2.874E-2
19.300,-9.413E-2,-8.998E-2,-6.808E-2,-5.276E-2,-3.249E-2
19.333,-9.103E-2,-9.255E-2,-7.405E-2,-5.778E-2,-3.603E-2
19.367,-8.682E-2,-9.367E-2,-7.944E-2,-6.196E-2,-3.925E-2
19.400,-8.167E-2,-9.401E-2,-8.358E-2,-6.569E-2,-4.223E-2
19.433,-7.602E-2,-9.319E-2,-8.730E-2,-6.883E-2,-4.487E-2
19.467,-6.916E-2,-9.113E-2,-8.979E-2,-7.095E-2,-4.697E-2
19.500,-6.093E-2,-8.781E-2,-9.111E-2,-7.226E-2,-4.847E-2
19.533,-5.203E-2,-8.356E-2,-9.220E-2,-7.308E-2,-4.960E-2
19.567,-4.321E-2,-7.839E-2,-9.155E-2,-7.317E-2,-4.998E-2
19.600,-3.342E-2,-7.239E-2,-9.005E-2,-7.249E-2,-4.977E-2
19.633,-2.339E-2,-6.543E-2,-8.777E-2,-7.099E-2,-4.976E-2
19.667,-1.294E-2,-5.773E-2,-8.504E-2,-6.893E-2,-4.876E-2
19.700,-2.103E-3,-4.937E-2,-8.088E-2,-6.601E-2,-4.770E-2
19.733,8.907E-3,-4.020E-2,-7.567E-2,-6.217E-2,-4.564E-2
19.767,1.931E-2,-3.096E-2,-6.983E-2,-5.809E-2,-4.339E-2
19.800,2.979E-2,-2.097E-2,-6.332E-2,-5.329E-2,-4.040E-2
19.833,4.030E-2,-1.063E-2,-5.613E-2,-4.789E-2,-3.751E-2
19.867,5.043E-2,-3.998E-4,-4.826E-2,-4.204E-2,-3.387E-2
19.900,6.009E-2,1.016E-2,-4.033E-2,-3.586E-2,-3.026E-2
19.933,6.921E-2,2.069E-2,-3.143E-2,-2.940E-2,-2.581E-2
19.967,7.768E-2,3.110E-2,-2.209E-2,-2.245E-2,-2.109E-2
20.000,8.530E-2,4.092E-2,-1.283E-2,-1.549E-2,-1.638E-2
20.033,9.243E-2,5.064E-2,-3.450E-3,-8.532E-3,-1.181E-2
20.067,9.854E-2,5.953E-2,6.181E-3,-1.179E-3,-6.739E-3
20.100,0.104,6.826E-2,1.527E-2,6.211E-3,-1.806E-3
20.133,0.108,7.590E-2,2.450E-2,1.333E-2,3.247E-3
20.167,0.111,8.354E-2,3.343E-2,2.067E-2,8.408E-3
20.200,0.113,8.975E-2,4.204E-2,2.715E-2,1.333E-2
20.233,0.114,9.516E-2,4.990E-2,3.314E-2,1.777E-2
20.267,0.114,9.968E-2,5.733E-2,3.914E-2,2.259E-2
20.300,0.113,0.103,6.375E-2,4.444E-2,2.648E-2
20.333,0.111,0.106,6.994E-2,4.960E-2,3.056E-2
20.367,0.108,0.107,7.536E-2,5.423E-2,3.443E-2
20.400,0.104,0.107,8.007E-2,5.805E-2,3.747E-2
20.433,9.849E-2,0.106,8.383E-2,6.122E-2,4.021E-2
20.467,9.241E-2,0.104,8.665E-2,6.366E-2,4.254E-2
20.500,8.555E-2,0.101,8.849E-2,6.524E-2,4.441E-2
20.533,7.795E-2,9.734E-2,8.946E-2,6.660E-2,4.620E-2
20.567,6.938E-2,9.222E-2,8.928E-2,6.661E-2,4.709E-2
20.600,6.005E-2,8.622E-2,8.833E-2,6.586E-2,4.750E-2
20.633,5.013E-2,7.975E-2,8.647E-2,6.463E-2,4.755E-2
20.667,4.005E-2,7.199E-2,8.338E-2,6.251E-2,4.661E-2
20.700,3.011E-2,6.349E-2,7.978E-2,5.990E-2,4.545E-2
20.733,1.953E-2,5.482E-2,7.533E-2,5.663E-2,4.386E-2
20.767,8.901E-3,4.496E-2,6.958E-2,5.236E-2,4.169E-2
20.800,-1.777E-3,3.495E-2,6.324E-2,4.763E-2,3.898E-2
20.833,-1.167E-2,2.488E-2,5.653E-2,4.273E-2,3.636E-2
20.867,-2.235E-2,1.394E-2,4.866E-2,3.655E-2,3.259E-2
20.900,-3.226E-2,3.351E-3,4.023E-2,3.053E-2,2.881E-2
20.933,-4.092E-2,-7.069E-3,3.165E-2,2.402E-2,2.491E-2
20.967,-5.058E-2,-1.781E-2,2.247E-2,1.658E-2,2.047E-2
21.000,-5.834E-2,-2.813E-2,1.310E-2,9.174E-3,1.572E-2
21.033,-6.581E-2,-3.798E-2,3.735E-3,1.831E-3,1.116E-2
21.067,-7.249E-2,-4.760E-2,-6.348E-3,-6.022E-3,5.989E-3
21.100,-7.813E-2,-5.644E-2,-1.605E-2,-1.343E-2,7.440E-4
21.133,-8.276E-2,-6.430E-2,-2.576E-2,-2.053E-2,-4.557E-3
21.167,-8.668E-2,-7.199E-2,-3.521E-2,-2.819E-2,-9.875E-3
21.200,-8.927E-2,-7.840E-2,-4.424E-2,-3.525E-2,-1.498E-2
21.233,-9.060E-2,-8.388E-2,-5.278E-2,-4.189E-2,-1.990E-2
21.267,-9.123E-2,-8.875E-2,-6.109E-2,-4.861E-2,-2.509E-2
21.300,-9.033E-2,-9.214E-2,-6.844E-2,-5.450E-2,-2.933E-2
21.333,-8.848E-2,-9.453E-2,-7.540E-2,-6.021E-2,-3.342E-2
21.367,-8.579E-2,-9.599E-2,-8.174E-2,-6.532E-2,-3.728E-2
21.400,-8.186E-2,-9.597E-2,-8.700E-2,-6.942E-2,-4.101E-2
21.433,-7.685E-2,-9.489E-2,-9.131E-2,-7.291E-2,-4.411E-2
21.467,-7.111E-2,-9.307E-2,-9.473E-2,-7.623E-2,-4.692E-2
21.500,-6.402E-2,-8.977E-2,-9.696E-2,-7.805E-2,-4.895E-2
21.533,-5.675E-2,-8.532E-2,-9.796E-2,-7.911E-2,-5.062E-2
21.567,-4.901E-2,-8.034E-2,-9.858E-2,-7.963E-2,-5.170E-2
21.600,-3.956E-2,-7.385E-2,-9.748E-2,-7.896E-2,-5.182E-2
21.633,-3.000E-2,-6.660E-2,-9.539E-2,-7.769E-2,-5.164E-2
21.667,-2.030E-2,-5.869E-2,-9.230E-2,-7.594E-2,-5.125E-2
21.700,-9.917E-3,-4.980E-2,-8.792E-2,-7.302E-2,-5.001E-2
21.733,3.885E-4,-4.051E-2,-8.264E-2,-6.949E-2,-4.800E-2
21.767,1.076E-2,-3.105E-2,-7.719E-2,-6.540E-2,-4.607E-2
21.800,2.122E-2,-2.073E-2,-7.028E-2,-6.006E-2,-4.320E-2
21.833,3.146E-2,-1.042E-2,-6.264E-2,-5.458E-2,-4.009E-2
21.867,4.161E-2,6.778E-5,-5.485E-2,-4.893E-2,-3.693E-2
21.900,5.137E-2,1.080E-2,-4.597E-2,-4.212E-2,-3.244E-2
21.933,6.087E-2,2.099E-2,-3.696E-2,-3.493E-2,-2.787E-2
21.967,6.961E-2,3.140E-2,-2.739E-2,-2.796E-2,-2.337E-2
22.000,7.854E-2,4.218E-2,-1.707E-2,-1.985E-2,-1.823E-2
22.033,8.607E-2,5.141E-2,-7.245E-3,-1.205E-2,-1.313E-2
22.067,9.266E-2,6.040E-2,2.763E-3,-4.444E-3,-8.236E-3
22.100,9.931E-2,6.945E-2,1.341E-2,3.754E-3,-2.540E-3
22.133,0.104,7.736E-2,2.315E-2,1.120E-2,2.885E-3
22.167,0.108,8.442E-2,3.280E-2,1.872E-2,8.125E-3
22.200,0.112,9.112E-2,4.255E-2,2.633E-2,1.348E-2
22.233,0.114,9.661E-2,5.167E-2,3.352E-2,1.856E-2
22.267,0.115,0.101,5.927E-2,3.977E-2,2.341E-2
22.300,0.115,0.104,6.754E-2,4.618E-2,2.826E-2
22.333,0.114,0.107,7.489E-2,5.191E-2,3.268E-2
22.367,0.112,0.108,8.067E-2,5.677E-2,3.656E-2
22.400,0.110,0.108,8.644E-2,6.134E-2,4.045E-2
22.433,0.105,0.107,9.082E-2,6.476E-2,4.339E-2
22.467,9.987E-2,0.105,9.451E-2,6.766E-2,4.628E-2
22.500,9.390E-2,0.102,9.734E-2,7.017E-2,4.896E-2
22.533,8.702E-2,9.780E-2,9.873E-2,7.146E-2,5.075E-2
22.567,7.980E-2,9.258E-2,9.918E-2,7.200E-2,5.177E-2
22.600,7.189E-2,8.669E-2,9.871E-2,7.207E-2,5.283E-2
22.633,6.247E-2,7.933E-2,9.660E-2,7.092E-2,5.293E-2
22.667,5.310E-2,7.134E-2,9.383E-2,6.927E-2,5.225E-2
22.700,4.340E-2,6.299E-2,9.012E-2,6.676E-2,5.141E-2
22.733,3.288E-2,5.372E-2,8.530E-2,6.330E-2,4.954E-2
22.767,2.258E-2,4.429E-2,7.980E-2,5.903E-2,4.746E-2
22.800,1.227E-2,3.384E-2,7.335E-2,5.444E-2,4.484E-2
22.833,1.858E-3,2.304E-2,6.600E-2,4.887E-2,4.171E-2
22.867,-8.191E-3,1.144E-2,5.800E-2,4.301E-2,3.826E-2
22.900,-1.802E-2,8.375E-4,4.932E-2,3.681E-2,3.442E-2
22.933,-2.808E-2,-1.064E-2,3.981E-2,2.969E-2,2.985E-2
22.967,-3.769E-2,-2.165E-2,3.019E-2,2.219E-2,2.516E-2
23.000,-4.590E-2,-3.206E-2,2.028E-2,1.453E-2,2.052E-2
23.033,-5.446E-2,-4.255E-2,9.101E-3,6.396E-3,1.491E-2
23.067,-6.215E-2,-5.208E-2,-1.672E-3,-1.878E-3,9.353E-3
23.100,-6.881E-2,-6.151E-2,-1.200E-2,-9.899E-3,4.107E-3
23.133,-7.527E-2,-7.012E-2,-2.257E-2,-1.840E-2,-1.804E-3
23.167,-7.995E-2,-7.771E-2,-3.293E-2,-2.649E-2,-7.248E-3
23.200,-8.386E-2,-8.427E-2,-4.329E-2,-3.403E-2,-1.275E-2
23.233,-8.675E-2,-9.006E-2,-5.289E-2,-4.179E-2,-1.827E-2
23.267,-8.857E-2,-9.516E-2,-6.222E-2,-4.901E-2,-2.353E-2
23.300,-8.933E-2,-9.867E-2,-7.092E-2,-5.564E-2,-2.858E-2
23.333,-8.876E-2,-0.101,-7.881E-2,-6.191E-2,-3.332E-2
23.367,-8.693E-2,-0.103,-8.595E-2,-6.765E-2,-3.750E-2
23.400,-8.416E-2,-0.103,-9.200E-2,-7.245E-2,-4.157E-2
23.433,-8.041E-2,-0.102,-9.718E-2,-7.677E-2,-4.504E-2
23.467,-7.571E-2,-9.995E-2,-0.101,-8.031E-2,-4.807E-2
23.500,-6.991E-2,-9.643E-2,-0.104,-8.284E-2,-5.077E-2
23.533,-6.380E-2,-9.250E-2,-0.106,-8.461E-2,-5.271E-2
23.567,-5.633E-2,-8.691E-2,-0.107,-8.530E-2,-5.435E-2
23.600,-4.815E-2,-8.029E-2,-0.106,-8.523E-2,-5.515E-2
23.633,-3.943E-2,-7.289E-2,-0.105,-8.440E-2,-5.537E-2
23.667,-3.023E-2,-6.465E-2,-0.101,-8.248E-2,-5.521E-2
23.700,-2.069E-2,-5.590E-2,-9.744E-2,-7.973E-2,-5.417E-2
23.733,-1.099E-2,-4.632E-2,-9.265E-2,-7.628E-2,-5.259E-2
23.767,-7.157E-4,-3.641E-2,-8.639E-2,-7.169E-2,-5.080E-2
23.800,9.470E-3,-2.623E-2,-7.949E-2,-6.659E-2,-4.791E-2
23.833,1.975E-2,-1.568E-2,-7.178E-2,-6.108E-2,-4.512E-2
23.867,3.023E-2,-4.645E-3,-6.331E-2,-5.475E-2,-4.124E-2
23.900,3.995E-2,6.559E-3,-5.421E-2,-4.767E-2,-3.699E-2
23.933,4.956E-2,1.727E-2,-4.460E-2,-4.019E-2,-3.222E-2
23.967,5.886E-2,2.793E-2,-3.456E-2,-3.240E-2,-2.718E-2
24.000,6.761E-2,3.833E-2,-2.419E-2,-2.443E-2,-2.200E-2
24.033,7.613E-2,4.799E-2,-1.394E-2,-1.621E-2,-1.699E-2
24.067,8.379E-2,5.730E-2,-2.563E-3,-7.569E-3,-1.130E-2
24.100,9.067E-2,6.594E-2,8.297E-3,8.988E-4,-5.812E-3
24.133,9.649E-2,7.417E-2,1.905E-2,9.003E-3,-6.394E-4
24.167,0.102,8.181E-2,2.949E-2,1.758E-2,5.305E-3
24.200,0.107,8.854E-2,4.009E-2,2.571E-2,1.090E-2
24.233,0.110,9.381E-2,4.954E-2,3.326E-2,1.618E-2
24.267,0.112,9.862E-2,5.865E-2,4.076E-2,2.171E-2
24.300,0.113,0.102,6.751E-2,4.750E-2,2.675E-2
24.333,0.114,0.105,7.475E-2,5.365E-2,3.184E-2
24.367,0.113,0.106,8.156E-2,5.932E-2,3.662E-2
24.400,0.111,0.106,8.813E-2,6.448E-2,4.066E-2
24.433,0.108,0.105,9.338E-2,6.910E-2,4.460E-2
24.467,0.104,0.103,9.728E-2,7.298E-2,4.781E-2
24.500,9.904E-2,0.100,0.100,7.564E-2,5.026E-2
24.533,9.290E-2,9.607E-2,0.102,7.773E-2,5.235E-2
24.567,8.630E-2,9.071E-2,0.103,7.874E-2,5.378E-2
24.600,7.900E-2,8.478E-2,0.103,7.874E-2,5.478E-2
24.633,7.093E-2,7.753E-2,0.101,7.810E-2,5.565E-2
24.667,6.193E-2,6.983E-2,9.883E-2,7.637E-2,5.555E-2
24.700,5.220E-2,6.111E-2,9.494E-2,7.413E-2,5.499E-2
24.733,4.245E-2,5.226E-2,9.019E-2,7.081E-2,5.344E-2
24.767,3.222E-2,4.233E-2,8.462E-2,6.717E-2,5.154E-2
24.800,2.163E-2,3.196E-2,7.788E-2,6.236E-2,4.862E-2
24.833,1.145E-2,2.129E-2,7.059E-2,5.653E-2,4.540E-2
24.867,1.396E-3,1.083E-2,6.239E-2,5.034E-2,4.212E-2
24.900,-9.303E-3,-2.224E-4,5.331E-2,4.332E-2,3.789E-2
24.933,-1.930E-2,-1.111E-2,4.343E-2,3.587E-2,3.337E-2
24.967,-2.944E-2,-2.185E-2,3.313E-2,2.840E-2,2.893E-2
25.000,-3.913E-2,-3.267E-2,2.243E-2,2.036E-2,2.364E-2
25.033,-4.856E-2,-4.305E-2,1.148E-2,1.183E-2,1.750E-2
25.067,-5.606E-2,-5.279E-2,4.641E-4,3.388E-3,1.174E-2
25.100,-6.417E-2,-6.190E-2,-1.094E-2,-5.445E-3,5.439E-3
25.133,-7.068E-2,-7.040E-2,-2.206E-2,-1.424E-2,-5.406E-4
25.167,-7.719E-2,-7.784E-2,-3.329E-2,-2.262E-2,-6.764E-3
25.200,-8.232E-2,-8.444E-2,-4.409E-2,-3.136E-2,-1.326E-2
25.233,-8.594E-2,-9.055E-2,-5.485E-2,-3.966E-2,-1.945E-2
25.267,-8.884E-2,-9.530E-2,-6.478E-2,-4.761E-2,-2.528E-2
25.300,-9.080E-2,-9.884E-2,-7.441E-2,-5.487E-2,-3.101E-2
25.333,-9.224E-2,-0.101,-8.293E-2,-6.192E-2,-3.640E-2
25.367,-9.204E-2,-0.103,-9.124E-2,-6.831E-2,-4.159E-2
25.400,-9.082E-2,-0.103,-9.796E-2,-7.416E-2,-4.603E-2
25.433,-8.864E-2,-0.102,-0.104,-7.888E-2,-5.034E-2
25.467,-8.545E-2,-0.100,-0.109,-8.313E-2,-5.412E-2
25.500,-8.076E-2,-9.728E-2,-0.113,-8.644E-2,-5.731E-2
25.533,-7.536E-2,-9.262E-2,-0.115,-8.864E-2,-5.984E-2
25.567,-6.915E-2,-8.713E-2,-0.116,-9.023E-2,-6.178E-2
25.600,-6.205E-2,-8.120E-2,-0.116,-9.042E-2,-6.273E-2
25.633,-5.428E-2,-7.377E-2,-0.115,-9.021E-2,-6.374E-2
25.667,-4.596E-2,-6.573E-2,-0.113,-8.863E-2,-6.357E-2
25.700,-3.724E-2,-5.661E-2,-0.109,-8.635E-2,-6.266E-2
25.733,-2.837E-2,-4.764E-2,-0.104,-8.305E-2,-6.186E-2
25.767,-1.789E-2,-3.748E-2,-9.808E-2,-7.890E-2,-5.959E-2
25.800,-8.344E-3,-2.720E-2,-9.088E-2,-7.389E-2,-5.701E-2
25.833,1.639E-3,-1.660E-2,-8.337E-2,-6.841E-2,-5.428E-2
25.867,1.239E-2,-5.894E-3,-7.467E-2,-6.214E-2,-5.064E-2
25.900,2.217E-2,4.876E-3,-6.533E-2,-5.504E-2,-4.676E-2
25.933,3.153E-2,1.575E-2,-5.510E-2,-4.723E-2,-4.203E-2
25.967,4.126E-2,2.643E-2,-4.465E-2,-3.907E-2,-3.686E-2
26.000,5.030E-2,3.663E-2,-3.392E-2,-3.070E-2,-3.142E-2
26.033,5.928E-2,4.633E-2,-2.287E-2,-2.207E-2,-2.547E-2
26.067,6.794E-2,5.583E-2,-1.088E-2,-1.324E-2,-1.952E-2
26.100,7.585E-2,6.477E-2,5.901E-4,-4.171E-3,-1.320E-2
26.133,8.259E-2,7.302E-2,1.174E-2,4.960E-3,-7.116E-3
26.167,8.915E-2,8.014E-2,2.730E-2,1.360E-2,-6.881E-4
26.200,9.479E-2,8.666E-2,3.842E-2,2.280E-2,5.678E-3
26.233,9.945E-2,9.192E-2,4.916E-2,3.129E-2,1.198E-2
26.267,0.103,9.678E-2,5.920E-2,3.932E-2,1.818E-2
26.300,0.105,0.100,6.824E-2,4.695E-2,2.370E-2
26.333,0.106,0.103,7.690E-2,5.408E-2,2.910E-2
26.367,0.107,0.104,8.490E-2,6.068E-2,3.434E-2
26.400,0.106,0.105,9.192E-2,6.657E-2,3.912E-2
26.433,0.104,0.103,9.778E-2,7.141E-2,4.346E-2
26.467,0.101,0.101,0.103,7.549E-2,4.742E-2
26.500,9.777E-2,9.833E-2,0.106,7.906E-2,5.114E-2
26.533,9.316E-2,9.446E-2,0.109,8.174E-2,5.386E-2
26.567,8.771E-2,8.951E-2,0.110,8.317E-2,5.591E-2
26.600,8.073E-2,8.330E-2,0.111,8.382E-2,5.781E-2
26.633,7.400E-2,7.630E-2,0.110,8.352E-2,5.834E-2
26.667,6.565E-2,6.857E-2,0.108,8.229E-2,5.874E-2
26.700,5.770E-2,6.005E-2,0.104,8.027E-2,5.854E-2
26.733,4.859E-2,5.081E-2,9.982E-2,7.738E-2,5.736E-2
26.767,3.921E-2,4.072E-2,9.410E-2,7.372E-2,5.573E-2
26.800,2.956E-2,3.056E-2,8.740E-2,6.904E-2,5.354E-2
26.833,1.939E-2,2.007E-2,7.984E-2,6.365E-2,5.023E-2
26.867,9.654E-3,9.290E-3,7.169E-2,5.736E-2,4.671E-2
26.900,-1.465E-3,-1.552E-3,6.236E-2,5.031E-2,4.272E-2
26.933,-1.116E-2,-1.256E-2,5.250E-2,4.250E-2,3.806E-2
26.967,-2.177E-2,-2.319E-2,4.192E-2,3.456E-2,3.335E-2
27.000,-3.174E-2,-3.357E-2,3.113E-2,2.609E-2,2.813E-2
27.033,-4.031E-2,-4.395E-2,1.980E-2,1.701E-2,2.278E-2
27.067,-4.974E-2,-5.375E-2,8.042E-3,8.121E-3,1.604E-2
27.100,-5.705E-2,-6.260E-2,-3.930E-3,-1.113E-3,9.489E-3
27.133,-6.427E-2,-7.111E-2,-1.600E-2,-1.052E-2,3.131E-3
27.167,-7.181E-2,-7.867E-2,-2.787E-2,-1.967E-2,-3.489E-3
27.200,-7.743E-2,-8.552E-2,-3.966E-2,-2.894E-2,-1.002E-2
27.233,-8.234E-2,-9.148E-2,-5.078E-2,-3.786E-2,-1.644E-2
27.267,-8.630E-2,-9.613E-2,-6.130E-2,-4.660E-2,-2.266E-2
27.300,-8.992E-2,-9.980E-2,-7.172E-2,-5.476E-2,-2.891E-2
27.333,-9.277E-2,-0.102,-8.101E-2,-6.243E-2,-3.491E-2
27.367,-9.379E-2,-0.104,-8.979E-2,-6.936E-2,-4.035E-2
27.400,-9.380E-2,-0.104,-9.691E-2,-7.594E-2,-4.592E-2
27.433,-9.286E-2,-0.103,-0.104,-8.154E-2,-5.041E-2
27.467,-9.114E-2,-0.101,-0.109,-8.633E-2,-5.450E-2
27.500,-8.838E-2,-9.822E-2,-0.114,-9.008E-2,-5.797E-2
27.533,-8.414E-2,-9.388E-2,-0.116,-9.304E-2,-6.141E-2
27.567,-7.864E-2,-8.889E-2,-0.118,-9.495E-2,-6.399E-2
27.600,-7.246E-2,-8.247E-2,-0.118,-9.568E-2,-6.576E-2
27.633,-6.594E-2,-7.531E-2,-0.118,-9.560E-2,-6.646E-2
27.667,-5.897E-2,-6.735E-2,-0.116,-9.443E-2,-6.647E-2
27.700,-5.100E-2,-5.874E-2,-0.112,-9.240E-2,-6.640E-2
27.733,-4.288E-2,-4.958E-2,-0.107,-8.962E-2,-6.529E-2
27.767,-3.408E-2,-3.983E-2,-0.101,-8.569E-2,-6.350E-2
27.800,-2.369E-2,-2.942E-2,-9.416E-2,-8.064E-2,-6.098E-2
27.833,-1.418E-2,-1.903E-2,-8.634E-2,-7.505E-2,-5.826E-2
27.867,-4.015E-3,-8.481E-3,-7.776E-2,-6.871E-2,-5.442E-2
27.900,5.705E-3,1.926E-3,-6.791E-2,-6.150E-2,-5.012E-2
27.933,1.557E-2,1.259E-2,-5.764E-2,-5.374E-2,-4.520E-2
27.967,2.579E-2,2.281E-2,-4.652E-2,-4.548E-2,-3.985E-2
28.000,3.518E-2,3.283E-2,-3.511E-2,-3.666E-2,-3.399E-2
28.033,4.463E-2,4.252E-2,-2.322E-2,-2.742E-2,-2.802E-2
28.067,5.348E-2,5.153E-2,-1.140E-2,-1.795E-2,-2.195E-2
28.100,6.168E-2,6.020E-2,1.039E-3,-8.401E-3,-1.540E-2
28.133,6.938E-2,6.825E-2,1.286E-2,9.525E-4,-8.857E-3
28.167,7.632E-2,7.534E-2,2.517E-2,1.025E-2,-2.182E-3
28.200,8.227E-2,8.191E-2,3.718E-2,1.970E-2,4.456E-3
28.233,8.765E-2,8.736E-2,4.867E-2,2.831E-2,1.071E-2
28.267,9.189E-2,9.208E-2,5.941E-2,3.712E-2,1.729E-2
28.300,9.597E-2,9.574E-2,6.958E-2,4.523E-2,2.337E-2
28.333,9.823E-2,9.816E-2,7.921E-2,5.280E-2,2.931E-2
28.367,,9.998E-2,8.769E-2,5.994E-2,3.490E-2
28.400,0.101,0.100,9.555E-2,6.627E-2,4.007E-2
28.433,1.000E-1,9.977E-2,0.102,7.209E-2,4.488E-2
28.467,9.884E-2,9.787E-2,0.108,7.697E-2,4.936E-2
28.500,9.613E-2,9.476E-2,0.112,8.076E-2,5.313E-2
28.533,9.248E-2,9.088E-2,0.116,8.363E-2,5.651E-2
28.567,8.829E-2,8.631E-2,0.117,8.563E-2,5.942E-2
28.600,8.290E-2,8.061E-2,0.118,8.703E-2,6.140E-2
28.633,7.675E-2,7.379E-2,0.117,8.702E-2,6.278E-2
28.667,6.974E-2,6.624E-2,0.116,8.618E-2,6.327E-2
28.700,6.191E-2,5.780E-2,0.113,8.427E-2,6.310E-2
28.733,5.339E-2,4.881E-2,0.108,8.145E-2,6.245E-2
28.767,4.485E-2,3.936E-2,0.103,7.780E-2,6.094E-2
28.800,3.575E-2,2.923E-2,9.686E-2,7.314E-2,5.864E-2
28.833,2.636E-2,1.902E-2,8.911E-2,6.769E-2,5.581E-2
28.867,1.691E-2,8.654E-3,8.086E-2,6.143E-2,5.253E-2
28.900,7.462E-3,-1.777E-3,7.152E-2,5.435E-2,4.835E-2
28.933,-2.132E-3,-1.213E-2,6.150E-2,4.681E-2,4.385E-2
28.967,-1.222E-2,-2.278E-2,5.067E-2,3.885E-2,3.896E-2
29.000,-2.203E-2,-3.300E-2,3.929E-2,3.027E-2,3.353E-2
29.033,-3.154E-2,-4.271E-2,2.727E-2,2.130E-2,2.776E-2
29.067,-4.115E-2,-5.216E-2,1.501E-2,1.183E-2,2.170E-2
29.100,-5.028E-2,-6.134E-2,2.753E-3,2.197E-3,1.477E-2
29.133,-5.864E-2,-6.959E-2,-9.997E-3,-7.344E-3,8.151E-3
29.167,-6.629E-2,-7.728E-2,-2.238E-2,-1.717E-2,1.103E-3
29.200,-7.337E-2,-8.406E-2,-3.490E-2,-2.662E-2,-5.754E-3
29.233,-7.976E-2,-8.960E-2,-4.669E-2,-3.636E-2,-1.287E-2
29.267,-8.521E-2,-9.424E-2,-5.828E-2,-4.543E-2,-1.958E-2
29.300,-8.935E-2,-9.756E-2,-6.901E-2,-5.438E-2,-2.598E-2
29.333,-9.274E-2,-0.100,-7.934E-2,-6.282E-2,-3.212E-2
29.367,-9.523E-2,-0.102,-8.834E-2,-7.046E-2,-3.807E-2
29.400,-9.662E-2,-0.102,-9.729E-2,-7.770E-2,-4.391E-2
29.433,-9.687E-2,-0.101,-0.104,-8.380E-2,-4.900E-2
29.467,-9.598E-2,-9.948E-2,-0.111,-8.902E-2,-5.393E-2
29.500,-9.411E-2,-9.665E-2,-0.116,-9.360E-2,-5.832E-2
29.533,-9.119E-2,-9.289E-2,-0.120,-9.716E-2,-6.176E-2
29.567,-8.744E-2,-8.757E-2,-0.122,-9.976E-2,-6.465E-2
29.600,-8.280E-2,-8.190E-2,-0.123,-0.101,-6.715E-2
29.633,-7.712E-2,-7.483E-2,-0.122,-0.102,-6.857E-2
29.667,-7.068E-2,-6.699E-2,-0.121,-0.101,-6.934E-2
29.700,-6.352E-2,-5.876E-2,-0.118,-9.939E-2,-6.932E-2
29.733,-5.527E-2,-4.970E-2,-0.114,-9.645E-2,-6.845E-2
29.767,-4.664E-2,-4.014E-2,-0.108,-9.264E-2,-6.721E-2
29.800,-3.750E-2,-3.031E-2,-0.101,-8.799E-2,-6.522E-2
29.833,-2.824E-2,-2.002E-2,-9.335E-2,-8.240E-2,-6.253E-2
29.867,-1.868E-2,-9.686E-3,-8.453E-2,-7.592E-2,-5.905E-2
29.900,-8.800E-3,7.500E-4,-7.477E-2,-6.875E-2,-5.511E-2
29.933,1.225E-3,1.084E-2,-6.390E-2,-6.085E-2,-5.059E-2
29.967,1.140E-2,2.082E-2,-5.256E-2,-5.240E-2,-4.532E-2
30.000,2.139E-2,3.075E-2,-4.060E-2,-4.312E-2,-3.945E-2
30.033,3.119E-2,4.046E-2,-2.810E-2,-3.353E-2,-3.333E-2
30.067,4.021E-2,4.941E-2,-1.582E-2,-2.391E-2,-2.671E-2
30.100,4.897E-2,5.776E-2,-3.515E-3,-1.432E-2,-2.010E-2
30.133,5.723E-2,6.574E-2,9.371E-3,-4.093E-3,-1.319E-2
30.167,6.483E-2,7.322E-2,2.198E-2,6.039E-3,-6.252E-3
30.200,7.222E-2,7.956E-2,3.398E-2,1.587E-2,9.416E-4
30.233,7.895E-2,8.490E-2,4.605E-2,2.561E-2,8.030E-3
30.267,8.477E-2,8.922E-2,5.743E-2,3.492E-2,1.495E-2
30.300,8.927E-2,9.276E-2,6.847E-2,4.370E-2,2.174E-2
30.333,9.324E-2,9.564E-2,7.858E-2,5.200E-2,2.822E-2
30.367,9.596E-2,9.710E-2,8.755E-2,5.952E-2,3.445E-2
30.400,9.771E-2,9.741E-2,9.604E-2,6.637E-2,4.027E-2
30.433,9.862E-2,9.687E-2,0.103,7.281E-2,4.566E-2
30.467,9.842E-2,9.496E-2,0.110,7.835E-2,5.045E-2
30.500,9.738E-2,9.233E-2,0.115,8.303E-2,5.472E-2
30.533,9.545E-2,8.843E-2,0.119,8.686E-2,5.884E-2
30.567,9.244E-2,8.374E-2,0.121,8.955E-2,6.165E-2
30.600,8.833E-2,7.842E-2,0.123,9.145E-2,6.404E-2
30.633,8.325E-2,7.191E-2,0.123,9.211E-2,6.604E-2
30.667,7.728E-2,6.445E-2,0.122,9.212E-2,6.701E-2
30.700,7.069E-2,5.688E-2,0.119,9.084E-2,6.733E-2
30.733,6.318E-2,4.818E-2,0.115,8.819E-2,6.685E-2
30.767,5.517E-2,3.921E-2,0.110,8.468E-2,6.568E-2
30.800,4.648E-2,2.995E-2,0.104,8.050E-2,6.410E-2
30.833,3.752E-2,2.010E-2,9.589E-2,7.511E-2,6.138E-2
30.867,2.814E-2,1.009E-2,8.732E-2,6.894E-2,5.801E-2
30.900,1.863E-2,-2.804E-4,7.809E-2,6.215E-2,5.390E-2
30.933,9.028E-3,-1.057E-2,6.784E-2,5.443E-2,4.963E-2
30.967,-6.554E-4,-2.073E-2,5.688E-2,4.618E-2,4.454E-2
31.000,-1.083E-2,-3.035E-2,4.529E-2,3.738E-2,3.909E-2
31.033,-2.046E-2,-3.974E-2,3.292E-2,2.796E-2,3.307E-2
31.067,-3.040E-2,-4.868E-2,2.044E-2,1.820E-2,2.644E-2
31.100,-3.938E-2,-5.715E-2,7.663E-3,8.162E-3,1.945E-2
31.133,-4.796E-2,-6.512E-2,-5.357E-3,-1.872E-3,1.231E-2
31.167,-5.628E-2,-7.241E-2,-1.799E-2,-1.203E-2,5.373E-3
31.200,-6.399E-2,-7.906E-2,-3.103E-2,-2.239E-2,-2.237E-3
31.233,-7.119E-2,-8.461E-2,-4.377E-2,-3.234E-2,-9.773E-3
31.267,-7.724E-2,-8.949E-2,-5.630E-2,-4.222E-2,-1.709E-2
31.300,-8.260E-2,-9.289E-2,-6.786E-2,-5.131E-2,-2.432E-2
31.333,-8.721E-2,-9.579E-2,-7.896E-2,-6.004E-2,-3.111E-2
31.367,-9.093E-2,-9.713E-2,-8.914E-2,-6.848E-2,-3.800E-2
31.400,-9.346E-2,-9.747E-2,-9.855E-2,-7.620E-2,-4.399E-2
31.433,-9.483E-2,-9.710E-2,-0.107,-8.316E-2,-5.023E-2
31.467,-9.545E-2,-9.510E-2,-0.114,-8.918E-2,-5.549E-2
31.500,-9.500E-2,-9.232E-2,-0.119,-9.415E-2,-6.037E-2
31.533,-9.325E-2,-8.860E-2,-0.124,-9.847E-2,-6.470E-2
31.567,-9.073E-2,-8.382E-2,-0.127,-0.102,-6.844E-2
31.600,-8.668E-2,-7.825E-2,-0.128,-0.104,-7.096E-2
31.633,-8.222E-2,-7.185E-2,-0.129,-0.105,-7.339E-2
31.667,-7.673E-2,-6.443E-2,-0.127,-0.105,-7.473E-2
31.700,-7.014E-2,-5.636E-2,-0.124,-0.103,-7.539E-2
31.733,-6.303E-2,-4.783E-2,-0.121,-0.101,-7.525E-2
31.767,-5.551E-2,-3.869E-2,-0.115,-9.730E-2,-7.427E-2
31.800,-4.714E-2,-2.912E-2,-0.109,-9.272E-2,-7.262E-2
31.833,-3.818E-2,-1.942E-2,-0.101,-8.723E-2,-7.019E-2
31.867,-2.926E-2,-9.471E-3,-9.234E-2,-8.081E-2,-6.690E-2
31.900,-1.969E-2,3.288E-4,-8.190E-2,-7.348E-2,-6.311E-2
31.933,-1.027E-2,1.044E-2,-7.153E-2,-6.557E-2,-5.820E-2
31.967,-4.039E-4,2.021E-2,-5.981E-2,-5.716E-2,-5.298E-2
32.000,9.123E-3,2.954E-2,-4.785E-2,-4.823E-2,-4.751E-2
32.033,1.861E-2,3.830E-2,-3.539E-2,-3.868E-2,-4.147E-2
32.067,2.822E-2,4.713E-2,-2.219E-2,-2.877E-2,-3.483E-2
32.100,3.718E-2,5.511E-2,-9.436E-3,-1.866E-2,-2.800E-2
32.133,4.582E-2,6.230E-2,3.871E-3,-8.585E-3,-2.114E-2
32.167,5.426E-2,6.938E-2,1.670E-2,2.061E-3,-1.360E-2
32.200,6.222E-2,7.581E-2,3.014E-2,1.222E-2,-6.164E-3
32.233,6.906E-2,8.084E-2,4.235E-2,2.216E-2,1.144E-3
32.267,7.558E-2,8.534E-2,5.436E-2,3.212E-2,8.897E-3
32.300,8.110E-2,8.913E-2,6.575E-2,4.170E-2,1.620E-2
32.333,8.562E-2,9.153E-2,7.679E-2,5.056E-2,2.333E-2
32.367,8.942E-2,9.282E-2,8.638E-2,5.903E-2,3.016E-2
32.400,9.217E-2,9.346E-2,9.573E-2,6.664E-2,3.679E-2
32.433,9.401E-2,9.328E-2,0.104,7.349E-2,4.236E-2
32.467,9.508E-2,9.180E-2,0.110,7.943E-2,4.775E-2
32.500,9.494E-2,8.950E-2,0.116,8.455E-2,5.270E-2
32.533,9.374E-2,8.601E-2,0.121,8.864E-2,5.709E-2
32.567,9.192E-2,8.151E-2,0.124,9.187E-2,6.066E-2
32.600,8.920E-2,7.652E-2,0.126,9.414E-2,6.389E-2
32.633,8.527E-2,7.050E-2,0.126,9.528E-2,6.619E-2
32.667,8.059E-2,6.395E-2,0.125,9.526E-2,6.777E-2
32.700,7.512E-2,5.669E-2,0.123,9.434E-2,6.872E-2
32.733,6.869E-2,4.871E-2,0.120,9.229E-2,6.866E-2
32.767,6.155E-2,4.015E-2,0.115,8.948E-2,6.806E-2
32.800,5.374E-2,3.098E-2,0.109,8.544E-2,6.652E-2
32.833,4.543E-2,2.186E-2,0.102,8.023E-2,6.407E-2
32.867,3.656E-2,1.215E-2,9.313E-2,7.444E-2,6.136E-2
32.900,2.718E-2,3.046E-3,8.382E-2,6.781E-2,5.752E-2
32.933,1.741E-2,-6.635E-3,7.351E-2,5.998E-2,5.304E-2
32.967,7.444E-3,-1.639E-2,6.253E-2,5.190E-2,4.810E-2
33.000,-2.386E-3,-2.564E-2,5.076E-2,4.275E-2,4.272E-2
33.033,-1.245E-2,-3.470E-2,3.811E-2,3.343E-2,3.659E-2
33.067,-2.226E-2,-4.354E-2,2.549E-2,2.352E-2,3.004E-2
33.100,-3.181E-2,-5.146E-2,1.215E-2,1.340E-2,2.341E-2
33.133,-4.138E-2,-5.902E-2,-9.386E-4,2.941E-3,1.596E-2
33.167,-5.027E-2,-6.585E-2,-1.429E-2,-7.482E-3,8.477E-3
33.200,-5.887E-2,-7.205E-2,-2.764E-2,-1.821E-2,1.061E-3
33.233,-6.649E-2,-7.731E-2,-4.063E-2,-2.872E-2,-6.436E-3
33.267,-7.385E-2,-8.193E-2,-5.353E-2,-3.918E-2,-1.408E-2
33.300,-8.005E-2,-8.542E-2,-6.544E-2,-4.882E-2,-2.167E-2
33.333,-8.578E-2,-8.800E-2,-7.735E-2,-5.859E-2,-2.955E-2
33.367,-9.047E-2,-8.934E-2,-8.843E-2,-6.760E-2,-3.656E-2
33.400,-9.410E-2,-8.984E-2,-9.803E-2,-7.564E-2,-4.363E-2
33.433,-9.676E-2,-8.923E-2,-0.107,-8.338E-2,-4.947E-2
33.467,-9.871E-2,-8.793E-2,-0.115,-9.003E-2,-5.589E-2
33.500,-9.936E-2,-8.545E-2,-0.121,-9.579E-2,-6.119E-2
33.533,-9.905E-2,-8.214E-2,-0.127,-0.100,-6.592E-2
33.567,-9.760E-2,-7.794E-2,-0.131,-0.104,-7.009E-2
33.600,-9.527E-2,-7.277E-2,-0.133,-0.106,-7.357E-2
33.633,-9.175E-2,-6.715E-2,-0.134,-0.108,-7.604E-2
33.667,-8.795E-2,-6.056E-2,-0.133,-0.108,-7.813E-2
33.700,-8.231E-2,-5.332E-2,-0.131,-0.107,-7.909E-2
33.733,-7.609E-2,-4.545E-2,-0.127,-0.105,-7.929E-2
33.767,-6.945E-2,-3.676E-2,-0.122,-0.103,-7.874E-2
33.800,-6.189E-2,-2.808E-2,-0.116,-9.852E-2,-7.703E-2
33.833,-5.376E-2,-1.936E-2,-0.109,-9.309E-2,-7.490E-2
33.867,-4.540E-2,-1.020E-2,-0.100,-8.684E-2,-7.163E-2
33.900,-3.610E-2,-6.823E-4,-9.014E-2,-7.980E-2,-6.786E-2
33.933,-2.677E-2,8.531E-3,-7.963E-2,-7.192E-2,-6.351E-2
33.967,-1.720E-2,1.773E-2,-6.760E-2,-6.350E-2,-5.847E-2
34.000,-7.536E-3,2.646E-2,-5.525E-2,-5.400E-2,-5.254E-2
34.033,2.015E-3,3.493E-2,-4.219E-2,-4.417E-2,-4.621E-2
34.067,1.153E-2,4.257E-2,-2.941E-2,-3.435E-2,-3.956E-2
34.100,2.107E-2,5.058E-2,-1.559E-2,-2.371E-2,-3.233E-2
34.133,3.012E-2,5.751E-2,-2.185E-3,-1.293E-2,-2.490E-2
34.167,3.869E-2,6.399E-2,1.135E-2,-2.263E-3,-1.744E-2
34.200,4.724E-2,6.990E-2,2.464E-2,8.428E-3,-9.531E-3
34.233,5.508E-2,7.473E-2,3.768E-2,1.902E-2,-2.194E-3
34.267,6.224E-2,7.880E-2,5.041E-2,2.934E-2,5.268E-3
34.300,6.904E-2,8.243E-2,6.253E-2,3.944E-2,1.313E-2
34.333,7.473E-2,8.491E-2,7.388E-2,4.892E-2,2.103E-2
34.367,7.942E-2,8.642E-2,8.434E-2,5.762E-2,2.810E-2
34.400,8.355E-2,8.711E-2,9.424E-2,6.574E-2,3.537E-2
34.433,8.669E-2,8.679E-2,0.103,7.306E-2,4.157E-2
34.467,8.891E-2,8.550E-2,0.110,7.972E-2,4.793E-2
34.500,9.033E-2,8.324E-2,0.116,8.536E-2,5.329E-2
34.533,9.041E-2,7.994E-2,0.121,8.998E-2,5.799E-2
34.567,8.975E-2,7.620E-2,0.126,9.372E-2,6.224E-2
34.600,8.759E-2,7.142E-2,0.128,9.636E-2,6.599E-2
34.633,8.462E-2,6.595E-2,0.129,9.774E-2,6.866E-2
34.667,8.097E-2,5.987E-2,0.129,9.853E-2,7.078E-2
34.700,7.632E-2,5.303E-2,0.127,9.833E-2,7.213E-2
34.733,7.074E-2,4.547E-2,0.124,9.642E-2,7.260E-2
34.767,6.451E-2,3.786E-2,0.120,9.362E-2,7.220E-2
34.800,5.729E-2,2.933E-2,0.114,8.979E-2,7.125E-2
34.833,4.941E-2,2.057E-2,0.107,8.494E-2,6.940E-2
34.867,4.167E-2,1.199E-2,9.930E-2,7.940E-2,6.688E-2
34.900,3.294E-2,3.317E-3,9.018E-2,7.279E-2,6.333E-2
34.933,2.399E-2,-5.624E-3,7.999E-2,6.540E-2,5.924E-2
34.967,1.408E-2,-1.427E-2,6.905E-2,5.731E-2,5.455E-2
35.000,4.549E-3,-2.312E-2,5.717E-2,4.834E-2,4.923E-2
35.033,-5.203E-3,-3.139E-2,4.445E-2,3.862E-2,4.300E-2
35.067,-1.519E-2,-3.897E-2,3.198E-2,2.900E-2,3.662E-2
35.100,-2.490E-2,-4.671E-2,1.836E-2,1.828E-2,2.937E-2
35.133,-3.463E-2,-5.372E-2,4.785E-3,7.744E-3,2.173E-2
35.167,-4.342E-2,-5.976E-2,-8.852E-3,-3.201E-3,1.391E-2
35.200,-5.277E-2,-6.584E-2,-2.274E-2,-1.412E-2,6.054E-3
35.233,-6.089E-2,-7.100E-2,-3.624E-2,-2.497E-2,-1.797E-3
35.267,-6.839E-2,-7.525E-2,-4.961E-2,-3.566E-2,-9.535E-3
35.300,-7.585E-2,-7.900E-2,-6.229E-2,-4.603E-2,-1.816E-2
35.333,-8.197E-2,-8.160E-2,-7.467E-2,-5.593E-2,-2.563E-2
35.367,-8.782E-2,-8.353E-2,-8.619E-2,-6.538E-2,-3.309E-2
35.400,-9.281E-2,-8.440E-2,-9.697E-2,-7.407E-2,-4.084E-2
35.433,-9.647E-2,-8.439E-2,-0.106,-8.220E-2,-4.708E-2
35.467,-9.939E-2,-8.349E-2,-0.115,-8.969E-2,-5.376E-2
35.500,-0.102,-8.154E-2,-0.121,-9.616E-2,-5.909E-2
35.533,-0.102,-7.835E-2,-0.127,-0.102,-6.450E-2
35.567,-0.102,-7.459E-2,-0.132,-0.106,-6.904E-2
35.600,-0.101,-7.005E-2,-0.135,-0.110,-7.340E-2
35.633,-9.823E-2,-6.450E-2,-0.136,-0.111,-7.641E-2
35.667,-9.533E-2,-5.864E-2,-0.136,-0.112,-7.916E-2
35.700,-9.111E-2,-5.228E-2,-0.134,-0.112,-8.062E-2
35.733,-8.601E-2,-4.501E-2,-0.131,-0.110,-8.121E-2
35.767,-8.012E-2,-3.762E-2,-0.126,-0.108,-8.104E-2
35.800,-6.592E-2,-2.987E-2,-0.121,-0.104,-7.995E-2
35.833,-5.826E-2,-2.176E-2,-0.114,-9.894E-2,-7.841E-2
35.867,-5.044E-2,-1.344E-2,-0.105,-9.302E-2,-7.560E-2
35.900,-4.152E-2,-4.997E-3,-9.520E-2,-8.599E-2,-7.206E-2
35.933,-3.172E-2,3.371E-3,-8.441E-2,-7.817E-2,-6.749E-2
35.967,-2.201E-2,1.157E-2,-7.287E-2,-6.952E-2,-6.245E-2
36.000,-1.169E-2,1.980E-2,-6.069E-2,-6.018E-2,-5.680E-2
36.033,-1.421E-3,2.749E-2,-4.758E-2,-5.042E-2,-5.068E-2
36.067,2.874E-3,3.493E-2,-3.422E-2,-3.996E-2,-4.402E-2
36.100,1.272E-2,4.183E-2,-2.060E-2,-2.931E-2,-3.698E-2
36.133,2.250E-2,4.846E-2,-6.950E-3,-1.874E-2,-2.942E-2
36.167,3.180E-2,5.429E-2,6.633E-3,-7.745E-3,-2.176E-2
36.200,4.104E-2,5.958E-2,2.070E-2,3.481E-3,-1.334E-2
36.233,4.910E-2,6.427E-2,3.434E-2,1.428E-2,-5.456E-3
36.267,5.768E-2,6.813E-2,4.749E-2,2.542E-2,2.705E-3
36.300,6.471E-2,7.124E-2,6.027E-2,3.581E-2,1.074E-2
36.333,7.173E-2,7.380E-2,7.225E-2,4.566E-2,1.864E-2
36.367,7.761E-2,7.529E-2,8.383E-2,5.493E-2,2.656E-2
36.400,8.313E-2,7.606E-2,9.395E-2,6.341E-2,3.400E-2
36.433,8.796E-2,7.605E-2,0.103,7.149E-2,4.070E-2
36.467,9.089E-2,7.530E-2,0.111,7.860E-2,4.763E-2
36.500,9.367E-2,7.341E-2,0.118,8.492E-2,5.359E-2
36.533,9.461E-2,7.078E-2,0.124,9.024E-2,5.897E-2
36.567,9.568E-2,6.736E-2,0.129,9.486E-2,6.346E-2
36.600,9.490E-2,6.314E-2,0.132,9.827E-2,6.775E-2
36.633,8.694E-2,5.826E-2,0.134,0.100,7.093E-2
36.667,9.994E-2,5.304E-2,0.134,0.102,7.343E-2
36.700,9.708E-2,4.716E-2,0.133,0.102,7.517E-2
36.733,9.257E-2,4.072E-2,0.130,0.101,7.613E-2
36.767,8.777E-2,3.392E-2,0.126,9.833E-2,7.630E-2
36.800,8.226E-2,2.638E-2,0.121,9.484E-2,7.546E-2
36.833,7.558E-2,1.873E-2,0.114,9.055E-2,7.368E-2
36.867,6.836E-2,1.118E-2,0.107,8.507E-2,7.107E-2
36.900,6.094E-2,3.416E-3,9.780E-2,7.862E-2,6.783E-2
36.933,5.246E-2,-4.857E-3,8.742E-2,7.123E-2,6.372E-2
36.967,4.369E-2,-1.324E-2,7.644E-2,6.298E-2,5.872E-2
37.000,3.436E-2,-2.085E-2,6.470E-2,5.407E-2,5.336E-2
37.033,2.472E-2,-2.863E-2,5.189E-2,4.476E-2,4.727E-2
37.067,1.514E-2,-3.580E-2,3.924E-2,3.455E-2,4.080E-2
37.100,5.356E-3,-4.224E-2,2.564E-2,2.421E-2,3.395E-2
37.133,-4.277E-3,-4.890E-2,1.151E-2,1.286E-2,2.633E-2
37.167,-1.392E-2,-5.439E-2,-2.484E-3,1.917E-3,1.852E-2
37.200,-2.307E-2,-5.939E-2,-1.657E-2,-9.391E-3,1.066E-2
37.233,-3.214E-2,-6.427E-2,-3.031E-2,-2.057E-2,2.142E-3
37.267,-5.747E-2,-6.807E-2,-4.411E-2,-3.165E-2,-5.962E-3
37.300,-6.756E-2,-7.123E-2,-5.741E-2,-4.253E-2,-1.460E-2
37.333,-7.184E-2,-7.349E-2,-6.992E-2,-5.299E-2,-2.272E-2
37.367,-7.759E-2,-7.497E-2,-8.195E-2,-6.273E-2,-3.090E-2
37.400,-8.312E-2,-7.556E-2,-9.317E-2,-7.229E-2,-3.868E-2
37.433,-8.827E-2,-7.562E-2,-0.103,-8.092E-2,-4.628E-2
37.467,-9.264E-2,-7.439E-2,-0.112,-8.875E-2,-5.287E-2
37.500,-9.596E-2,-7.301E-2,-0.120,-9.583E-2,-5.933E-2
37.533,-9.824E-2,-7.011E-2,-0.127,-0.102,-6.478E-2
37.567,-9.931E-2,-6.659E-2,-0.131,-0.107,-6.986E-2
37.600,-0.102,-6.264E-2,-0.135,-0.110,-7.435E-2
37.633,-0.101,-5.796E-2,-0.137,-0.113,-7.833E-2
37.667,-9.905E-2,-5.249E-2,-0.138,-0.114,-8.113E-2
37.700,-9.620E-2,-4.669E-2,-0.137,-0.114,-8.319E-2
37.733,-9.241E-2,-4.047E-2,-0.134,-0.113,-8.417E-2
37.767,-0.119,-3.365E-2,-0.130,-0.111,-8.418E-2
37.800,-0.113,-2.666E-2,-0.125,-0.107,-8.338E-2
37.833,-0.106,-1.927E-2,-0.118,-0.103,-8.178E-2
37.867,-9.835E-2,-1.156E-2,-0.110,-9.717E-2,-7.943E-2
37.900,-9.019E-2,-4.295E-3,-0.101,-9.076E-2,-7.621E-2
37.933,-8.149E-2,3.382E-3,-9.000E-2,-8.322E-2,-7.228E-2
37.967,-7.223E-2,1.097E-2,-7.883E-2,-7.477E-2,-6.721E-2
38.000,-6.272E-2,1.799E-2,-6.665E-2,-6.578E-2,-6.173E-2
38.033,-5.302E-2,2.523E-2,-5.348E-2,-5.597E-2,-5.551E-2
38.067,-4.270E-2,3.213E-2,-4.000E-2,-4.541E-2,-4.870E-2
38.100,-3.263E-2,3.824E-2,-2.651E-2,-3.473E-2,-4.154E-2
38.133,-2.262E-2,4.448E-2,-1.245E-2,-2.353E-2,-3.382E-2
38.167,-1.254E-2,5.020E-2,1.493E-3,-1.223E-2,-2.588E-2
38.200,-2.326E-3,5.520E-2,1.536E-2,-1.042E-3,-1.742E-2
38.233,6.440E-3,5.951E-2,2.893E-2,1.019E-2,-9.045E-3
38.267,1.535E-2,6.344E-2,4.277E-2,2.137E-2,-5.182E-4
38.300,2.352E-2,6.621E-2,5.580E-2,3.181E-2,7.655E-3
38.333,3.159E-2,6.840E-2,6.807E-2,4.182E-2,1.572E-2
38.367,3.878E-2,7.006E-2,7.988E-2,5.179E-2,2.428E-2
38.400,4.502E-2,7.075E-2,9.048E-2,6.081E-2,3.238E-2
38.433,5.061E-2,7.065E-2,0.100,6.942E-2,3.971E-2
38.467,5.426E-2,7.035E-2,0.109,7.730E-2,4.701E-2
38.500,5.711E-2,6.882E-2,0.116,8.420E-2,5.333E-2
38.533,6.040E-2,6.699E-2,0.123,9.018E-2,5.914E-2
38.567,6.275E-2,6.396E-2,0.128,9.532E-2,6.457E-2
38.600,6.328E-2,6.058E-2,0.131,9.912E-2,6.875E-2
38.633,6.297E-2,5.652E-2,0.133,0.102,7.280E-2
38.667,6.128E-2,5.186E-2,0.134,0.103,7.550E-2
38.700,5.928E-2,4.685E-2,0.133,0.104,7.759E-2
38.733,5.585E-2,4.085E-2,0.131,0.103,7.863E-2
38.767,5.156E-2,3.480E-2,0.127,0.101,7.943E-2
38.800,4.680E-2,2.816E-2,0.123,9.796E-2,7.876E-2
38.833,4.077E-2,2.159E-2,0.117,9.395E-2,7.753E-2
38.867,3.422E-2,1.470E-2,0.109,8.908E-2,7.530E-2
38.900,2.725E-2,7.310E-3,0.100,8.286E-2,7.237E-2
38.933,1.948E-2,-9.381E-5,9.048E-2,7.594E-2,6.873E-2
38.967,1.115E-2,-7.322E-3,7.989E-2,6.807E-2,6.419E-2
39.000,2.266E-3,-1.423E-2,6.854E-2,5.948E-2,5.889E-2
39.033,-7.176E-3,-2.123E-2,5.630E-2,4.979E-2,5.289E-2
39.067,-1.668E-2,-2.746E-2,4.323E-2,3.993E-2,4.660E-2
39.100,-2.630E-2,-3.368E-2,2.945E-2,2.946E-2,3.947E-2
39.133,-3.595E-2,-3.956E-2,1.551E-2,1.840E-2,3.183E-2
39.167,-4.559E-2,-4.471E-2,1.409E-3,7.590E-3,2.465E-2
39.200,-5.532E-2,-4.975E-2,-1.283E-2,-4.111E-3,1.606E-2
39.233,-6.480E-2,-5.394E-2,-2.691E-2,-1.527E-2,7.452E-3
39.267,-4.023E-2,-5.762E-2,-4.076E-2,-2.628E-2,-8.419E-4
39.300,-4.917E-2,-6.099E-2,-5.455E-2,-3.737E-2,-9.499E-3
39.333,-5.746E-2,-6.315E-2,-6.741E-2,-4.808E-2,-1.828E-2
39.367,-6.490E-2,-6.492E-2,-7.969E-2,-5.846E-2,-2.659E-2
39.400,-7.186E-2,-6.609E-2,-9.142E-2,-6.838E-2,-3.466E-2
39.433,-7.798E-2,-6.644E-2,-0.102,-7.758E-2,-4.283E-2
39.467,-8.338E-2,-6.556E-2,-0.112,-8.608E-2,-5.049E-2
39.500,-8.818E-2,-6.445E-2,-0.120,-9.363E-2,-5.749E-2
39.533,-9.582E-2,-6.233E-2,-0.127,-0.100,-6.366E-2
39.567,-9.866E-2,-5.983E-2,-0.133,-0.106,-6.926E-2
39.600,-0.100,-5.641E-2,-0.137,-0.110,-7.434E-2
39.633,-0.101,-5.233E-2,-0.140,-0.113,-7.857E-2
39.667,-0.100,-4.767E-2,-0.141,-0.115,-8.203E-2
39.700,-9.884E-2,-4.298E-2,-0.141,-0.116,-8.457E-2
39.733,-9.195E-2,-3.742E-2,-0.139,-0.115,-8.618E-2
39.767,-8.841E-2,-3.191E-2,-0.136,-0.113,-8.680E-2
39.800,-8.422E-2,-2.578E-2,-0.131,-0.110,-8.671E-2
39.833,-7.879E-2,-1.930E-2,-0.124,-0.106,-8.551E-2
39.867,-7.279E-2,-1.260E-2,-0.116,-0.101,-8.369E-2
39.900,-6.581E-2,-6.150E-3,-0.107,-9.452E-2,-8.104E-2
39.933,-5.825E-2,6.090E-4,-9.687E-2,-8.723E-2,-7.738E-2
39.967,-5.034E-2,7.054E-3,-8.547E-2,-7.911E-2,-7.285E-2
40.000,-4.171E-2,1.354E-2,-7.346E-2,-6.986E-2,-6.749E-2
40.033,-3.274E-2,1.972E-2,-6.048E-2,-6.017E-2,-6.132E-2
40.067,-2.349E-2,2.599E-2,-4.706E-2,-4.988E-2,-5.491E-2
40.100,-1.410E-2,3.183E-2,-3.360E-2,-3.914E-2,-4.804E-2
40.133,-4.577E-3,3.728E-2,-1.929E-2,-2.814E-2,-4.000E-2
40.167,4.814E-3,4.210E-2,-4.956E-3,-1.677E-2,-3.219E-2
40.200,1.388E-2,4.663E-2,8.830E-3,-5.672E-3,-2.374E-2
40.233,2.308E-2,5.057E-2,2.295E-2,5.937E-3,-1.530E-2
40.267,3.194E-2,5.398E-2,3.683E-2,1.708E-2,-6.619E-3
40.300,4.059E-2,5.683E-2,4.955E-2,2.841E-2,2.245E-3
40.333,4.886E-2,5.925E-2,6.245E-2,3.911E-2,1.003E-2
40.367,5.649E-2,6.108E-2,7.446E-2,4.891E-2,2.697E-2
40.400,6.385E-2,6.232E-2,8.558E-2,5.862E-2,2.799E-2
40.433,7.054E-2,6.266E-2,9.616E-2,6.748E-2,3.546E-2
40.467,7.562E-2,6.218E-2,0.105,7.554E-2,4.308E-2
40.500,8.047E-2,6.145E-2,0.113,8.317E-2,4.999E-2
40.533,8.419E-2,5.983E-2,0.120,8.959E-2,5.644E-2
40.567,8.658E-2,5.748E-2,0.125,9.515E-2,6.265E-2
40.600,8.851E-2,5.479E-2,0.130,9.964E-2,6.765E-2
40.633,8.935E-2,5.152E-2,0.133,0.103,7.198E-2
40.667,8.934E-2,4.760E-2,0.134,0.105,7.536E-2
40.700,8.842E-2,4.309E-2,0.134,0.106,7.800E-2
40.733,8.663E-2,3.842E-2,0.132,0.105,7.992E-2
40.767,8.332E-2,3.344E-2,0.129,0.104,8.074E-2
40.800,7.935E-2,2.819E-2,0.125,0.101,8.088E-2
40.833,7.452E-2,2.246E-2,0.119,9.791E-2,7.992E-2
40.867,6.893E-2,1.659E-2,0.112,9.321E-2,7.815E-2
40.900,6.264E-2,1.072E-2,0.104,8.755E-2,7.546E-2
40.933,5.543E-2,4.487E-3,9.457E-2,8.077E-2,7.191E-2
40.967,4.766E-2,-2.105E-3,8.426E-2,7.296E-2,6.738E-2
41.000,3.939E-2,-8.303E-3,7.318E-2,6.436E-2,6.213E-2
41.033,3.088E-2,-1.382E-2,6.124E-2,5.523E-2,5.649E-2
41.067,2.198E-2,-1.947E-2,4.850E-2,4.536E-2,5.021E-2
41.100,1.261E-2,-2.464E-2,3.514E-2,3.503E-2,4.328E-2
41.133,3.080E-3,-2.996E-2,2.072E-2,2.421E-2,3.550E-2
41.167,-6.279E-3,-3.479E-2,6.735E-3,1.252E-2,2.926E-2
41.200,-1.567E-2,-3.895E-2,-7.524E-3,1.575E-3,2.771E-2
41.233,-2.533E-2,-4.261E-2,-2.194E-2,-1.006E-2,7.831E-3
41.267,-3.467E-2,-4.579E-2,-3.594E-2,-2.183E-2,-2.854E-4
41.300,-4.350E-2,-4.868E-2,-4.968E-2,-3.286E-2,-9.112E-3
41.333,-5.217E-2,-5.103E-2,-6.308E-2,-4.392E-2,-1.790E-2
41.367,-5.958E-2,-5.296E-2,-7.637E-2,-5.446E-2,-2.657E-2
41.400,-6.705E-2,-5.432E-2,-8.813E-2,-6.482E-2,-3.513E-2
41.433,-7.348E-2,-5.487E-2,-9.960E-2,-7.436E-2,-4.323E-2
41.467,-7.933E-2,-5.489E-2,-0.109,-8.330E-2,-5.085E-2
41.500,-8.430E-2,-5.441E-2,-0.119,-9.144E-2,-5.832E-2
41.533,-8.855E-2,-5.301E-2,-0.127,-9.875E-2,-6.505E-2
41.567,-9.192E-2,-5.118E-2,-0.132,-0.105,-7.137E-2
41.600,-9.427E-2,-4.891E-2,-0.137,-0.110,-7.667E-2
41.633,-9.591E-2,-4.578E-2,-0.140,-0.113,-8.125E-2
41.667,-9.634E-2,-4.237E-2,-0.142,-0.116,-8.494E-2
41.700,-9.581E-2,-3.846E-2,-0.142,-0.117,-8.818E-2
41.733,-9.426E-2,-3.405E-2,-0.141,-0.117,-9.052E-2
41.767,-9.160E-2,-2.915E-2,-0.138,-0.115,-9.130E-2
41.800,-8.858E-2,-2.445E-2,-0.133,-0.113,-9.190E-2
41.833,-8.395E-2,-1.931E-2,-0.127,-0.110,-9.136E-2
41.867,-7.857E-2,-1.355E-2,-0.120,-0.105,-8.958E-2
41.900,-7.272E-2,-8.332E-3,-0.112,-9.883E-2,-8.719E-2
41.933,-6.627E-2,-2.543E-3,-0.102,-9.203E-2,-8.390E-2
41.967,-5.828E-2,3.184E-3,-9.033E-2,-8.377E-2,-7.942E-2
42.000,-5.045E-2,8.353E-3,-7.900E-2,-7.518E-2,-7.451E-2
42.033,-4.201E-2,1.408E-2,-6.624E-2,-6.544E-2,-6.849E-2
42.067,-3.304E-2,1.937E-2,-5.283E-2,-5.557E-2,-6.182E-2
42.100,-2.357E-2,2.444E-2,-3.935E-2,-4.494E-2,-5.475E-2
42.133,-1.404E-2,2.923E-2,-2.561E-2,-3.354E-2,-4.672E-2
42.167,-4.635E-3,3.351E-2,-1.103E-2,-2.231E-2,-3.870E-2
42.200,4.440E-3,3.720E-2,3.562E-3,-1.090E-2,-3.029E-2
42.233,1.383E-2,4.093E-2,1.697E-2,4.961E-4,-2.171E-2
42.267,2.353E-2,4.411E-2,3.145E-2,1.205E-2,-1.298E-2
42.300,3.175E-2,4.634E-2,4.428E-2,2.322E-2,-3.954E-3
42.333,4.083E-2,4.880E-2,5.745E-2,3.409E-2,4.821E-3
42.367,4.908E-2,5.031E-2,6.978E-2,4.456E-2,1.149E-2
42.400,5.654E-2,5.120E-2,8.162E-2,5.427E-2,2.086E-2
42.433,6.355E-2,5.201E-2,9.238E-2,6.391E-2,2.907E-2
42.467,7.096E-2,5.201E-2,0.102,7.239E-2,3.677E-2
42.500,7.598E-2,5.149E-2,0.110,7.983E-2,4.402E-2
42.533,8.060E-2,5.045E-2,0.118,8.686E-2,5.116E-2
42.567,8.482E-2,4.872E-2,0.124,9.265E-2,5.720E-2
42.600,8.745E-2,4.647E-2,0.128,9.733E-2,6.259E-2
42.633,9.035E-2,4.429E-2,0.132,0.101,6.766E-2
42.667,9.172E-2,4.092E-2,0.134,0.103,7.192E-2
42.700,9.175E-2,3.745E-2,0.134,0.105,7.480E-2
42.733,9.157E-2,3.385E-2,0.133,0.105,7.734E-2
42.767,8.913E-2,2.960E-2,0.131,0.104,7.856E-2
42.800,8.647E-2,2.537E-2,0.127,0.102,7.909E-2
42.833,8.341E-2,2.096E-2,0.121,9.932E-2,7.885E-2
42.867,7.875E-2,1.573E-2,0.115,9.464E-2,7.750E-2
42.900,8.003E-2,1.109E-2,0.107,8.927E-2,7.540E-2
42.933,7.472E-2,6.350E-3,9.833E-2,8.316E-2,7.248E-2
42.967,6.818E-2,7.432E-4,8.831E-2,7.567E-2,6.834E-2
43.000,6.030E-2,-4.447E-3,7.721E-2,6.743E-2,6.343E-2
43.033,5.256E-2,-9.168E-3,6.563E-2,5.877E-2,5.805E-2
43.067,4.320E-2,-1.407E-2,5.257E-2,4.904E-2,5.150E-2
43.100,3.497E-2,-1.883E-2,3.936E-2,3.867E-2,4.466E-2
43.133,2.525E-2,-2.318E-2,2.576E-2,2.814E-2,3.744E-2
43.167,1.590E-2,-2.732E-2,1.124E-2,1.690E-2,2.963E-2
43.200,6.910E-3,-3.105E-2,-2.325E-3,5.462E-3,2.187E-2
43.233,-3.099E-3,-3.450E-2,-1.694E-2,-6.186E-3,1.318E-2
43.267,-1.217E-2,-3.789E-2,-3.144E-2,-1.815E-2,3.869E-3
43.300,-2.181E-2,-4.027E-2,-4.481E-2,-2.938E-2,-4.731E-3
43.333,-3.003E-2,-4.243E-2,-5.844E-2,-4.068E-2,-1.424E-2
43.367,-3.922E-2,-4.407E-2,-7.187E-2,-5.196E-2,-2.318E-2
43.400,-4.766E-2,-4.522E-2,-8.375E-2,-6.216E-2,-3.208E-2
43.433,-5.570E-2,-4.593E-2,-9.530E-2,-7.229E-2,-4.042E-2
43.467,-6.284E-2,-4.613E-2,-0.105,-8.152E-2,-4.892E-2
43.500,-6.912E-2,-4.589E-2,-0.114,-8.986E-2,-5.625E-2
43.533,-7.428E-2,-4.521E-2,-0.123,-9.751E-2,-6.391E-2
43.567,-7.880E-2,-4.406E-2,-0.129,-0.104,-7.033E-2
43.600,-8.168E-2,-4.222E-2,-0.134,-0.109,-7.633E-2
43.633,-8.542E-2,-4.028E-2,-0.139,-0.114,-8.155E-2
43.667,-8.602E-2,-3.777E-2,-0.141,-0.117,-8.588E-2
43.700,-8.716E-2,-3.467E-2,-0.141,-0.118,-8.908E-2
43.733,-8.719E-2,-3.150E-2,-0.140,-0.119,-9.189E-2
43.767,-8.608E-2,-2.770E-2,-0.138,-0.118,-9.401E-2
43.800,-8.384E-2,-2.373E-2,-0.134,-0.116,-9.469E-2
43.833,-8.026E-2,-1.972E-2,-0.129,-0.113,-9.466E-2
43.867,-7.590E-2,-1.568E-2,-0.122,-0.109,-9.362E-2
43.900,-7.166E-2,-1.107E-2,-0.114,-0.103,-9.177E-2
43.933,-6.584E-2,-6.505E-3,-0.104,-9.637E-2,-8.888E-2
43.967,-5.951E-2,-1.881E-3,-9.372E-2,-8.877E-2,-8.474E-2
44.000,-5.232E-2,2.781E-3,-8.244E-2,-8.030E-2,-7.982E-2
44.033,-4.460E-2,7.294E-3,-6.992E-2,-7.112E-2,-7.445E-2
44.067,-3.656E-2,1.126E-2,-5.701E-2,-6.129E-2,-6.828E-2
44.100,-2.791E-2,1.554E-2,-4.358E-2,-5.075E-2,-6.131E-2
44.133,-1.910E-2,1.927E-2,-2.988E-2,-3.984E-2,-5.356E-2
44.167,-9.659E-3,2.280E-2,-1.584E-2,-2.855E-2,-4.550E-2
44.200,-2.230E-4,2.615E-2,-1.659E-3,-1.714E-2,-3.733E-2
44.233,8.645E-3,2.929E-2,1.231E-2,-5.427E-3,-2.851E-2
44.267,1.849E-2,3.208E-2,2.657E-2,6.114E-3,-1.932E-2
44.300,2.714E-2,3.443E-2,3.993E-2,1.763E-2,-1.015E-2
44.333,3.616E-2,3.647E-2,5.345E-2,2.901E-2,-1.004E-3
44.367,4.458E-2,3.816E-2,6.580E-2,3.943E-2,8.150E-3
44.400,5.225E-2,3.961E-2,7.799E-2,4.979E-2,1.726E-2
44.433,6.010E-2,4.011E-2,8.898E-2,5.949E-2,2.584E-2
44.467,6.645E-2,4.054E-2,9.929E-2,6.830E-2,3.390E-2
44.500,7.299E-2,4.045E-2,0.108,7.658E-2,4.169E-2
44.533,7.792E-2,3.980E-2,0.116,8.384E-2,4.901E-2
44.567,8.201E-2,3.923E-2,0.123,9.042E-2,5.596E-2
44.600,8.579E-2,3.815E-2,0.128,9.600E-2,6.230E-2
44.633,8.857E-2,3.666E-2,0.132,0.100,6.775E-2
44.667,9.050E-2,3.451E-2,0.135,0.104,7.230E-2
44.700,9.135E-2,3.222E-2,0.136,0.106,7.622E-2
44.733,9.150E-2,2.922E-2,0.135,0.106,7.909E-2
44.767,9.042E-2,2.624E-2,0.134,0.106,8.097E-2
44.800,8.866E-2,2.327E-2,0.130,0.104,8.201E-2
44.833,8.595E-2,1.978E-2,0.126,0.102,8.205E-2
44.867,8.232E-2,1.632E-2,0.119,9.776E-2,8.109E-2
44.900,7.838E-2,1.259E-2,0.112,9.292E-2,7.923E-2
44.933,7.309E-2,8.833E-3,0.103,8.672E-2,7.643E-2
44.967,6.737E-2,4.896E-3,9.382E-2,7.965E-2,7.275E-2
45.000,6.066E-2,1.265E-3,8.313E-2,7.175E-2,6.823E-2
45.033,5.350E-2,-2.682E-3,7.155E-2,6.312E-2,6.278E-2
45.067,4.586E-2,-6.521E-3,5.900E-2,5.347E-2,5.648E-2
45.100,3.758E-2,-9.953E-3,4.595E-2,4.340E-2,5.009E-2
45.133,2.865E-2,-1.359E-2,3.255E-2,3.284E-2,4.289E-2
45.167,1.938E-2,-1.693E-2,1.861E-2,2.193E-2,3.517E-2
45.200,1.021E-2,-2.038E-2,4.684E-3,1.059E-2,2.735E-2
45.233,5.488E-4,-2.316E-2,-9.677E-3,-9.965E-4,1.851E-2
45.267,-8.501E-3,-2.558E-2,-2.372E-2,-1.254E-2,9.969E-3
45.300,-6.816E-3,-2.797E-2,-3.774E-2,-2.392E-2,5.868E-4
45.333,-1.616E-2,-3.036E-2,-5.143E-2,-3.573E-2,-8.814E-3
45.367,-2.518E-2,-3.192E-2,-6.427E-2,-4.654E-2,-1.808E-2
45.400,-3.392E-2,-3.337E-2,-7.704E-2,-5.727E-2,-2.711E-2
45.433,-4.222E-2,-3.430E-2,-8.872E-2,-6.771E-2,-3.647E-2
45.467,-4.979E-2,-3.461E-2,-9.947E-2,-7.731E-2,-4.500E-2
45.500,-5.717E-2,-3.502E-2,-0.109,-8.576E-2,-5.324E-2
45.533,-6.395E-2,-3.480E-2,-0.117,-9.350E-2,-6.086E-2
45.567,-6.975E-2,-3.435E-2,-0.124,-0.101,-6.817E-2
45.600,-7.453E-2,-3.384E-2,-0.130,-0.106,-7.454E-2
45.633,-7.842E-2,-3.279E-2,-0.135,-0.111,-8.038E-2
45.667,-8.135E-2,-3.108E-2,-0.138,-0.115,-8.522E-2
45.700,-8.357E-2,-2.929E-2,-0.139,-0.117,-8.874E-2
45.733,-8.474E-2,-2.728E-2,-0.138,-0.118,-9.185E-2
45.767,-8.467E-2,-2.469E-2,-0.137,-0.118,-9.413E-2
45.800,-8.370E-2,-2.214E-2,-0.133,-0.116,-9.538E-2
45.833,-8.179E-2,-1.923E-2,-0.128,-0.113,-9.545E-2
45.867,-7.891E-2,-1.615E-2,-0.122,-0.109,-9.439E-2
45.900,-7.519E-2,-1.283E-2,-0.114,-0.104,-9.248E-2
45.933,-7.075E-2,-9.592E-3,-0.105,-9.797E-2,-8.975E-2
45.967,-6.511E-2,-6.338E-3,-9.521E-2,-9.091E-2,-8.586E-2
46.000,-5.885E-2,-2.792E-3,-8.391E-2,-8.278E-2,-8.128E-2
46.033,-5.192E-2,7.160E-4,-7.274E-2,-7.406E-2,-7.608E-2
46.067,-4.402E-2,3.797E-3,-5.975E-2,-6.421E-2,-6.998E-2
46.100,-3.592E-2,7.422E-3,-4.663E-2,-5.380E-2,-6.324E-2
46.133,-2.743E-2,1.082E-2,-3.305E-2,-4.300E-2,-5.591E-2
46.167,-1.810E-2,1.386E-2,-1.937E-2,-3.183E-2,-4.791E-2
46.200,-8.741E-3,1.707E-2,-5.083E-3,-2.027E-2,-3.952E-2
46.233,6.368E-4,1.968E-2,8.896E-3,-9.111E-3,-3.089E-2
46.267,1.025E-2,2.243E-2,2.263E-2,2.574E-3,-2.177E-2
46.300,1.945E-2,2.464E-2,3.625E-2,1.390E-2,-1.268E-2
46.333,2.858E-2,2.641E-2,4.959E-2,2.508E-2,-3.432E-3
46.367,3.786E-2,2.819E-2,6.212E-2,3.594E-2,5.962E-3
46.400,4.673E-2,2.980E-2,7.443E-2,4.636E-2,1.500E-2
46.433,5.534E-2,3.085E-2,8.533E-2,5.615E-2,2.385E-2
46.467,6.350E-2,3.197E-2,9.581E-2,6.549E-2,3.236E-2
46.500,7.101E-2,3.245E-2,0.105,7.408E-2,4.096E-2
46.533,7.764E-2,3.275E-2,0.113,8.159E-2,4.853E-2
46.567,8.382E-2,3.280E-2,0.120,8.837E-2,5.574E-2
46.600,7.759E-2,3.227E-2,0.126,9.422E-2,6.224E-2
46.633,8.167E-2,3.147E-2,0.131,9.905E-2,6.807E-2
46.667,8.493E-2,3.076E-2,0.134,0.103,7.290E-2
46.700,8.743E-2,2.963E-2,0.135,0.105,7.693E-2
46.733,8.890E-2,2.821E-2,0.135,0.106,8.028E-2
46.767,8.943E-2,2.658E-2,0.134,0.107,8.270E-2
46.800,8.883E-2,2.432E-2,0.132,0.105,8.428E-2
46.833,8.715E-2,2.212E-2,0.127,0.103,8.477E-2
46.867,8.478E-2,1.956E-2,0.122,9.964E-2,8.446E-2
46.900,8.131E-2,1.709E-2,0.115,9.518E-2,8.304E-2
46.933,7.694E-2,1.435E-2,0.107,8.964E-2,8.061E-2
46.967,7.186E-2,1.169E-2,9.782E-2,8.310E-2,7.753E-2
47.000,6.582E-2,8.715E-3,8.766E-2,7.560E-2,7.329E-2
47.033,5.914E-2,5.878E-3,7.627E-2,6.733E-2,6.846E-2
47.067,5.207E-2,3.182E-3,6.454E-2,5.843E-2,6.320E-2
47.100,4.365E-2,1.018E-4,5.173E-2,4.825E-2,5.655E-2
47.133,3.498E-2,-2.449E-3,3.830E-2,3.777E-2,4.947E-2
47.167,2.634E-2,-5.095E-3,2.475E-2,2.710E-2,4.196E-2
47.200,1.706E-2,-7.948E-3,1.054E-2,1.544E-2,3.367E-2
47.233,7.852E-3,-1.041E-2,-3.197E-3,4.347E-3,2.534E-2
47.267,-1.964E-3,-1.283E-2,-1.733E-2,-7.379E-3,1.638E-2
47.300,-1.175E-2,-1.502E-2,-3.141E-2,-1.901E-2,6.646E-3
47.333,-2.109E-2,-1.703E-2,-4.457E-2,-3.028E-2,-2.423E-3
47.367,-3.072E-2,-1.895E-2,-5.806E-2,-4.163E-2,-1.185E-2
47.400,-4.022E-2,-2.072E-2,-7.057E-2,-5.263E-2,-2.122E-2
47.433,-4.902E-2,-2.204E-2,-8.269E-2,-6.294E-2,-3.031E-2
47.467,-5.764E-2,-2.294E-2,-9.343E-2,-7.262E-2,-3.898E-2
47.500,-6.588E-2,-2.380E-2,-0.103,-8.164E-2,-4.813E-2
47.533,-7.321E-2,-2.413E-2,-0.112,-8.975E-2,-5.593E-2
47.567,-8.003E-2,-2.440E-2,-0.120,-9.722E-2,-6.376E-2
47.600,-8.607E-2,-2.472E-2,-0.126,-0.104,-7.062E-2
47.633,-9.116E-2,-2.414E-2,-0.131,-0.109,-7.695E-2
47.667,-9.526E-2,-2.354E-2,-0.135,-0.113,-8.266E-2
47.700,-9.892E-2,-2.301E-2,-0.137,-0.116,-8.741E-2
47.733,-0.101,-2.178E-2,-0.137,-0.117,-9.114E-2
47.767,-0.103,-2.074E-2,-0.136,-0.117,-9.400E-2
47.800,-0.103,-1.946E-2,-0.133,-0.117,-9.574E-2
47.833,-0.102,-1.770E-2,-0.128,-0.114,-9.651E-2
47.867,-0.100,-1.624E-2,-0.123,-0.111,-9.653E-2
47.900,-9.759E-2,-1.452E-2,-0.116,-0.107,-9.559E-2
47.933,-9.361E-2,-1.235E-2,-0.108,-0.101,-9.341E-2
47.967,-8.904E-2,-1.033E-2,-9.814E-2,-9.420E-2,-9.027E-2
48.000,-8.357E-2,-8.258E-3,-8.800E-2,-8.671E-2,-8.635E-2
48.033,-7.691E-2,-5.510E-3,-7.654E-2,-7.818E-2,-8.116E-2
48.067,-7.001E-2,-3.162E-3,-6.442E-2,-6.876E-2,-7.560E-2
48.100,-6.185E-2,-5.215E-4,-5.138E-2,-5.851E-2,-6.909E-2
48.133,-5.370E-2,2.091E-3,-3.785E-2,-4.803E-2,-6.174E-2
48.167,-4.490E-2,4.469E-3,-2.448E-2,-3.712E-2,-5.385E-2
48.200,-3.565E-2,6.528E-3,-1.084E-2,-2.574E-2,-4.594E-2
48.233,-2.523E-2,9.277E-3,2.905E-3,-1.432E-2,-3.674E-2
48.267,-1.593E-2,1.156E-2,1.699E-2,-2.844E-3,-2.817E-2
48.300,-6.145E-3,1.360E-2,3.018E-2,8.759E-3,-1.875E-2
48.333,3.976E-3,1.539E-2,4.333E-2,2.035E-2,-9.646E-3
48.367,1.373E-2,1.693E-2,5.569E-2,3.140E-2,-2.287E-4
48.400,2.279E-2,1.859E-2,6.770E-2,4.169E-2,8.761E-3
48.433,3.172E-2,2.015E-2,7.919E-2,5.165E-2,1.810E-2
48.467,3.977E-2,2.128E-2,8.949E-2,6.108E-2,2.719E-2
48.500,4.787E-2,2.256E-2,9.879E-2,7.005E-2,3.536E-2
48.533,5.531E-2,2.347E-2,0.107,7.797E-2,4.379E-2
48.567,6.188E-2,2.419E-2,0.114,8.496E-2,5.115E-2
48.600,6.823E-2,2.481E-2,0.120,9.117E-2,5.809E-2
48.633,7.380E-2,2.506E-2,0.125,9.655E-2,6.401E-2
48.667,7.776E-2,2.517E-2,0.128,0.100,6.980E-2
48.700,8.122E-2,2.518E-2,0.130,0.103,7.445E-2
48.733,8.407E-2,2.498E-2,0.131,0.105,7.828E-2
48.767,8.574E-2,2.452E-2,0.130,0.105,8.108E-2
48.800,8.672E-2,2.366E-2,0.128,0.105,8.296E-2
48.833,8.671E-2,2.278E-2,0.124,0.103,8.383E-2
48.867,8.512E-2,2.145E-2,0.119,9.986E-2,8.376E-2
48.900,8.302E-2,2.024E-2,0.113,9.588E-2,8.281E-2
48.933,8.012E-2,1.856E-2,0.106,9.087E-2,8.099E-2
48.967,7.592E-2,1.704E-2,9.704E-2,8.453E-2,7.811E-2
49.000,7.100E-2,1.520E-2,8.746E-2,7.743E-2,7.444E-2
49.033,6.543E-2,1.355E-2,7.682E-2,6.952E-2,6.982E-2
49.067,5.879E-2,1.152E-2,6.506E-2,6.065E-2,6.444E-2
49.100,5.177E-2,9.504E-3,5.311E-2,5.134E-2,5.814E-2
49.133,4.427E-2,7.771E-3,4.032E-2,4.164E-2,5.110E-2
49.167,3.565E-2,5.601E-3,2.705E-2,3.096E-2,4.366E-2
49.200,2.747E-2,3.714E-3,1.362E-2,2.015E-2,3.537E-2
49.233,1.810E-2,1.862E-3,-4.180E-4,8.943E-3,2.704E-2
49.267,8.851E-3,2.341E-4,-1.373E-2,-2.521E-3,1.828E-2
49.300,-4.779E-4,-1.383E-3,-2.738E-2,-1.396E-2,9.562E-3
49.333,-1.072E-2,-3.581E-3,-4.090E-2,-2.586E-2,-3.146E-4
49.367,-1.987E-2,-5.195E-3,-5.428E-2,-3.699E-2,-9.904E-3
49.400,-2.923E-2,-6.723E-3,-6.648E-2,-4.782E-2,-1.943E-2
49.433,-3.871E-2,-8.701E-3,-7.860E-2,-5.843E-2,-2.817E-2
49.467,-4.803E-2,-1.048E-2,-8.952E-2,-6.854E-2,-3.798E-2
49.500,-5.619E-2,-1.169E-2,-9.931E-2,-7.763E-2,-4.610E-2
49.533,-6.424E-2,-1.283E-2,-0.108,-8.618E-2,-5.483E-2
49.567,-7.182E-2,-1.390E-2,-0.116,-9.382E-2,-6.320E-2
49.600,-7.842E-2,-1.449E-2,-0.123,-0.100,-7.038E-2
49.633,-8.457E-2,-1.516E-2,-0.128,-0.106,-7.703E-2
49.667,-9.011E-2,-1.596E-2,-0.131,-0.110,-8.304E-2
49.700,-9.433E-2,-1.655E-2,-0.134,-0.114,-8.784E-2
49.733,-9.738E-2,-1.648E-2,-0.135,-0.115,-9.143E-2
49.767,-0.100,-1.643E-2,-0.134,-0.116,-9.509E-2
49.800,-0.102,-1.619E-2,-0.132,-0.116,-9.715E-2
49.833,-0.102,-1.558E-2,-0.128,-0.114,-9.799E-2
49.867,-0.102,-1.523E-2,-0.123,-0.111,-9.842E-2
49.900,-0.101,-1.453E-2,-0.117,-0.107,-9.766E-2
49.933,-9.776E-2,-1.331E-2,-0.109,-0.102,-9.581E-2
49.967,-9.469E-2,-1.261E-2,-0.101,-9.583E-2,-9.327E-2
50.000,-9.042E-2,-1.127E-2,-9.074E-2,-8.837E-2,-8.956E-2
50.033,-8.544E-2,-1.000E-2,-7.951E-2,-7.987E-2,-8.489E-2
50.067,-8.007E-2,-8.707E-3,-6.787E-2,-7.124E-2,-7.943E-2
50.100,-7.339E-2,-7.202E-3,-5.629E-2,-6.159E-2,-7.312E-2
50.133,-6.605E-2,-5.231E-3,-4.297E-2,-5.114E-2,-6.564E-2
50.167,-5.853E-2,-3.642E-3,-2.985E-2,-4.061E-2,-5.828E-2
50.200,-5.001E-2,-1.584E-3,-1.649E-2,-2.958E-2,-4.977E-2
50.233,-4.108E-2,4.141E-4,-2.940E-3,-1.850E-2,-4.127E-2
50.267,-3.188E-2,2.235E-3,1.040E-2,-7.325E-3,-3.224E-2
50.300,-2.230E-2,4.080E-3,2.372E-2,4.172E-3,-2.326E-2
50.333,-1.277E-2,6.116E-3,3.662E-2,1.554E-2,-1.367E-2
50.367,-3.417E-3,7.837E-3,4.894E-2,2.665E-2,-4.486E-3
50.400,6.233E-3,9.698E-3,6.097E-2,3.719E-2,5.331E-3
50.433,1.551E-2,1.152E-2,7.199E-2,4.718E-2,1.435E-2
50.467,2.423E-2,1.310E-2,8.205E-2,5.642E-2,2.290E-2
50.500,3.274E-2,1.504E-2,9.187E-2,6.555E-2,3.201E-2
50.533,4.105E-2,1.677E-2,0.101,7.374E-2,4.013E-2
50.567,4.883E-2,1.830E-2,0.108,8.118E-2,4.782E-2
50.600,5.550E-2,1.950E-2,0.114,8.770E-2,5.489E-2
50.633,6.166E-2,2.087E-2,0.119,9.329E-2,6.154E-2
50.667,6.698E-2,2.179E-2,0.123,9.765E-2,6.735E-2
50.700,7.197E-2,2.278E-2,0.126,0.101,7.241E-2
50.733,7.573E-2,2.359E-2,0.127,0.103,7.670E-2
50.767,7.839E-2,2.407E-2,0.127,0.104,7.992E-2
50.800,8.041E-2,2.477E-2,0.125,0.104,8.259E-2
50.833,8.126E-2,2.478E-2,0.122,0.103,8.406E-2
50.867,8.123E-2,2.475E-2,0.118,0.100,8.451E-2
50.900,8.025E-2,2.465E-2,0.112,9.708E-2,8.404E-2
50.933,7.820E-2,2.418E-2,0.105,9.229E-2,8.225E-2
50.967,7.534E-2,2.392E-2,9.740E-2,8.662E-2,7.952E-2
51.000,7.164E-2,2.333E-2,8.838E-2,8.026E-2,7.621E-2
51.033,6.701E-2,2.259E-2,7.833E-2,7.271E-2,7.201E-2
51.067,6.148E-2,2.169E-2,6.768E-2,6.443E-2,6.665E-2
51.100,5.523E-2,2.065E-2,5.613E-2,5.552E-2,6.104E-2
51.133,4.805E-2,1.939E-2,4.419E-2,4.569E-2,5.494E-2
51.167,4.024E-2,1.842E-2,3.112E-2,3.521E-2,4.764E-2
51.200,3.201E-2,1.653E-2,1.824E-2,2.450E-2,3.995E-2
51.233,2.320E-2,1.463E-2,4.896E-3,1.345E-2,3.177E-2
51.267,1.403E-2,1.265E-2,-8.702E-3,2.311E-3,2.275E-2
51.300,4.353E-3,1.067E-2,-2.178E-2,-8.900E-3,1.367E-2
51.333,-5.111E-3,8.857E-3,-3.493E-2,-1.999E-2,4.029E-3
51.367,-1.477E-2,6.832E-3,-4.752E-2,-3.095E-2,-5.377E-3
51.400,-2.437E-2,4.937E-3,-5.977E-2,-4.171E-2,-1.460E-2
51.433,-3.396E-2,2.931E-3,-7.181E-2,-5.254E-2,-2.446E-2
51.467,-4.335E-2,1.053E-3,-8.264E-2,-6.276E-2,-3.389E-2
51.500,-5.254E-2,-5.996E-4,-9.261E-2,-7.223E-2,-4.277E-2
51.533,-6.094E-2,-2.514E-3,-0.101,-8.110E-2,-5.170E-2
51.567,-6.927E-2,-4.376E-3,-0.110,-8.884E-2,-5.982E-2
51.600,-7.681E-2,-6.038E-3,-0.116,-9.583E-2,-6.757E-2
51.633,-8.389E-2,-7.842E-3,-0.122,-0.102,-7.436E-2
51.667,-9.032E-2,-9.600E-3,-0.126,-0.107,-8.097E-2
51.700,-9.611E-2,-1.123E-2,-0.129,-0.110,-8.636E-2
51.733,-9.991E-2,-1.282E-2,-0.130,-0.113,-9.085E-2
51.767,-0.104,-1.383E-2,-0.130,-0.114,-9.475E-2
51.800,-0.107,-1.472E-2,-0.129,-0.114,-9.743E-2
51.833,-0.108,-1.548E-2,-0.125,-0.113,-9.927E-2
51.867,-0.133,-1.612E-2,-0.121,-0.111,-0.100
51.900,-0.133,-1.660E-2,-0.115,-0.107,-9.985E-2
51.933,-0.131,-1.683E-2,-0.109,-0.102,-9.844E-2
51.967,-0.129,-1.718E-2,-0.101,-9.645E-2,-9.623E-2
52.000,-0.125,-1.713E-2,-9.106E-2,-8.976E-2,-9.260E-2
52.033,-0.121,-1.706E-2,-8.137E-2,-8.232E-2,-8.845E-2
52.067,-0.116,-1.642E-2,-6.987E-2,-7.376E-2,-8.311E-2
52.100,-0.110,-1.584E-2,-5.807E-2,-6.492E-2,-7.724E-2
52.133,-0.103,-1.536E-2,-4.613E-2,-5.523E-2,-7.049E-2
52.167,-9.551E-2,-1.421E-2,-3.316E-2,-4.517E-2,-6.337E-2
52.200,-8.728E-2,-1.284E-2,-1.971E-2,-3.437E-2,-5.522E-2
52.233,-7.873E-2,-1.131E-2,-6.879E-3,-2.335E-2,-4.682E-2
52.267,-6.971E-2,-9.925E-3,6.452E-3,-1.224E-2,-3.785E-2
52.300,-6.061E-2,-7.982E-3,1.919E-2,-8.621E-4,-2.850E-2
52.333,-5.117E-2,-6.188E-3,3.161E-2,1.008E-2,-1.889E-2
52.367,-4.176E-2,-4.057E-3,4.404E-2,2.129E-2,-9.529E-3
52.400,-3.218E-2,-2.102E-3,5.566E-2,3.156E-2,2.012E-4
52.433,-2.245E-2,-1.851E-4,6.716E-2,4.159E-2,9.424E-3
52.467,-1.316E-2,1.651E-3,7.727E-2,5.110E-2,1.883E-2
52.500,-4.072E-3,3.928E-3,8.704E-2,6.007E-2,2.804E-2
52.533,4.446E-3,6.298E-3,9.594E-2,6.840E-2,3.650E-2
52.567,1.304E-2,8.205E-3,0.104,7.585E-2,4.443E-2
52.600,2.035E-2,1.043E-2,0.110,8.252E-2,5.220E-2
52.633,2.736E-2,1.264E-2,0.116,8.819E-2,5.901E-2
52.667,3.387E-2,1.462E-2,0.120,9.277E-2,6.516E-2
52.700,3.961E-2,1.654E-2,0.123,9.638E-2,7.070E-2
52.733,4.440E-2,1.821E-2,0.124,9.884E-2,7.536E-2
52.767,4.838E-2,1.986E-2,0.124,0.100,7.912E-2
52.800,5.121E-2,2.157E-2,0.123,0.101,8.206E-2
52.833,5.340E-2,2.294E-2,0.121,0.100,8.385E-2
52.867,5.467E-2,2.394E-2,0.117,9.809E-2,8.477E-2
52.900,5.450E-2,2.482E-2,0.112,9.515E-2,8.475E-2
52.933,5.377E-2,2.539E-2,0.106,9.093E-2,8.365E-2
52.967,5.193E-2,2.609E-2,9.838E-2,8.575E-2,8.186E-2
53.000,4.950E-2,2.661E-2,9.034E-2,7.986E-2,7.903E-2
53.033,4.571E-2,2.655E-2,8.080E-2,7.251E-2,7.517E-2
53.067,4.153E-2,2.637E-2,7.080E-2,6.460E-2,7.061E-2
53.100,3.602E-2,2.620E-2,5.984E-2,5.609E-2,6.530E-2
53.133,2.974E-2,2.545E-2,4.819E-2,4.678E-2,5.878E-2
53.167,2.279E-2,2.475E-2,3.606E-2,3.720E-2,5.193E-2
53.200,1.554E-2,2.349E-2,2.352E-2,2.701E-2,4.460E-2
53.233,7.319E-3,2.229E-2,1.065E-2,1.592E-2,3.626E-2
53.267,-1.210E-3,2.096E-2,-2.115E-3,5.073E-3,2.793E-2
53.300,-1.008E-2,1.925E-2,-1.514E-2,-5.760E-3,1.928E-2
53.333,-1.934E-2,1.709E-2,-2.798E-2,-1.683E-2,9.793E-3
53.367,-2.895E-2,1.503E-2,-4.080E-2,-2.772E-2,1.000E-4
53.400,-3.840E-2,1.297E-2,-5.301E-2,-3.869E-2,-9.146E-3
53.433,-4.809E-2,1.070E-2,-6.471E-2,-4.929E-2,-1.889E-2
53.467,-5.763E-2,8.078E-3,-7.541E-2,-5.925E-2,-2.841E-2
53.500,-6.703E-2,5.548E-3,-8.534E-2,-6.862E-2,-3.755E-2
53.533,-7.611E-2,3.001E-3,-9.473E-2,-7.738E-2,-4.637E-2
53.567,-8.911E-2,-1.051E-3,-0.106,-8.874E-2,-5.868E-2
53.600,-9.702E-2,-4.063E-3,-0.112,-9.544E-2,-6.625E-2
53.633,-0.105,-6.987E-3,-0.118,-0.101,-7.335E-2
53.667,-0.112,-9.611E-3,-0.122,-0.106,-7.979E-2
53.700,-0.117,-1.230E-2,-0.124,-0.109,-8.534E-2
53.733,-0.122,-1.500E-2,-0.126,-0.112,-9.029E-2
53.767,-0.127,-1.728E-2,-0.125,-0.112,-9.384E-2
53.800,-0.130,-1.970E-2,-0.123,-0.112,-9.677E-2
53.833,-0.132,-2.190E-2,-0.120,-0.111,-9.852E-2
53.867,-0.133,-2.366E-2,-0.116,-0.109,-9.927E-2
53.900,-0.133,-2.524E-2,-0.110,-0.105,-9.910E-2
53.933,-0.133,-2.673E-2,-0.103,-0.100,-9.765E-2
53.967,-0.131,-2.787E-2,-9.546E-2,-9.452E-2,-9.523E-2
54.000,-0.128,-2.871E-2,-8.635E-2,-8.777E-2,-9.159E-2
54.033,-0.125,-2.926E-2,-7.668E-2,-8.053E-2,-8.738E-2
54.067,-0.120,-2.950E-2,-6.588E-2,-7.209E-2,-8.215E-2
54.100,-0.114,-2.916E-2,-5.434E-2,-6.292E-2,-7.598E-2
54.133,-0.108,-2.922E-2,-4.264E-2,-5.360E-2,-6.931E-2
54.167,-0.101,-2.839E-2,-3.059E-2,-4.335E-2,-6.152E-2
54.200,-9.295E-2,-2.733E-2,-1.835E-2,-3.290E-2,-5.362E-2
54.233,-8.450E-2,-2.643E-2,-5.207E-3,-2.201E-2,-4.493E-2
54.267,-7.596E-2,-2.474E-2,7.450E-3,-1.126E-2,-3.602E-2
54.300,-6.718E-2,-2.286E-2,2.012E-2,-2.840E-4,-2.657E-2
54.333,-5.754E-2,-2.082E-2,3.225E-2,1.068E-2,-1.723E-2
54.367,-4.790E-2,-1.885E-2,4.383E-2,2.172E-2,-7.769E-3
54.400,-3.815E-2,-1.635E-2,5.527E-2,3.223E-2,1.645E-3
54.433,-2.834E-2,-1.386E-2,6.565E-2,4.183E-2,1.062E-2
54.467,-1.886E-2,-1.083E-2,7.556E-2,5.101E-2,1.987E-2
54.500,-9.510E-3,-7.900E-3,8.461E-2,5.973E-2,2.892E-2
54.533,-8.203E-4,-4.894E-3,9.275E-2,6.782E-2,3.728E-2
54.567,8.015E-3,-1.646E-3,0.100,7.492E-2,4.558E-2
54.600,1.596E-2,1.484E-3,0.106,8.130E-2,5.322E-2
54.633,2.316E-2,4.444E-3,0.111,8.689E-2,5.990E-2
54.667,3.018E-2,7.495E-3,0.115,9.146E-2,6.618E-2
54.700,3.676E-2,1.067E-2,0.118,9.506E-2,7.153E-2
54.733,4.151E-2,1.380E-2,0.119,9.734E-2,7.626E-2
54.767,4.651E-2,1.630E-2,0.119,9.876E-2,8.004E-2
54.800,4.982E-2,1.897E-2,0.118,9.903E-2,8.279E-2
54.833,5.244E-2,2.141E-2,0.115,9.803E-2,8.461E-2
54.867,5.444E-2,2.418E-2,0.112,9.618E-2,8.574E-2
54.900,5.516E-2,2.670E-2,0.107,9.309E-2,8.556E-2
54.933,5.517E-2,2.827E-2,0.101,8.898E-2,8.451E-2
54.967,5.435E-2,2.983E-2,9.353E-2,8.391E-2,8.270E-2
55.000,5.227E-2,3.132E-2,8.532E-2,7.787E-2,7.971E-2
55.033,4.951E-2,3.205E-2,7.646E-2,7.086E-2,7.611E-2
55.067,4.530E-2,3.268E-2,6.636E-2,6.324E-2,7.159E-2
55.100,4.054E-2,3.336E-2,5.574E-2,5.451E-2,6.591E-2
55.133,3.493E-2,3.346E-2,4.438E-2,4.543E-2,5.961E-2
55.167,2.859E-2,3.362E-2,3.259E-2,3.581E-2,5.289E-2
55.200,2.114E-2,3.272E-2,2.078E-2,2.577E-2,4.551E-2
55.233,1.348E-2,3.177E-2,8.482E-3,1.529E-2,3.725E-2
55.267,5.309E-3,3.086E-2,-3.714E-3,4.888E-3,2.884E-2
55.300,-3.473E-3,2.910E-2,-1.592E-2,-6.059E-3,1.997E-2
55.333,-1.289E-2,2.700E-2,-2.828E-2,-1.661E-2,1.049E-2
55.367,-2.236E-2,2.502E-2,-4.030E-2,-2.733E-2,9.318E-4
55.400,-3.217E-2,2.257E-2,-5.194E-2,-3.772E-2,-8.660E-3
55.433,-4.195E-2,1.984E-2,-6.303E-2,-4.808E-2,-1.828E-2
55.467,-5.125E-2,1.695E-2,-7.341E-2,-5.769E-2,-2.731E-2
55.500,-6.097E-2,1.366E-2,-8.305E-2,-6.673E-2,-3.670E-2
55.533,-7.041E-2,1.023E-2,-9.131E-2,-7.518E-2,-4.537E-2
55.567,-7.952E-2,6.918E-3,-9.891E-2,-8.278E-2,-5.368E-2
55.600,-8.838E-2,3.206E-3,-0.105,-8.948E-2,-6.152E-2
55.633,-9.638E-2,-2.580E-4,-0.111,-9.509E-2,-6.869E-2
55.667,-0.104,-4.081E-3,-0.115,-0.100,-7.562E-2
55.700,-0.111,-7.817E-3,-0.118,-0.104,-8.139E-2
55.733,-0.117,-1.151E-2,-0.119,-0.107,-8.624E-2
55.767,-0.122,-1.510E-2,-0.120,-0.108,-9.051E-2
55.800,-0.126,-1.881E-2,-0.119,-0.109,-9.357E-2
55.833,-0.130,-2.189E-2,-0.116,-0.108,-9.538E-2
55.867,-0.132,-2.479E-2,-0.113,-0.106,-9.632E-2
55.900,-0.134,-2.764E-2,-0.107,-0.103,-9.637E-2
55.933,-0.134,-2.986E-2,-0.101,-9.856E-2,-9.514E-2
55.967,-0.134,-3.239E-2,-9.387E-2,-9.333E-2,-9.320E-2
56.000,-0.132,-3.400E-2,-8.553E-2,-8.735E-2,-9.051E-2
56.033,-0.129,-3.564E-2,-7.672E-2,-8.026E-2,-8.646E-2
56.067,-0.126,-3.672E-2,-6.638E-2,-7.258E-2,-8.191E-2
56.100,-0.121,-3.746E-2,-5.592E-2,-6.422E-2,-7.659E-2
56.133,-0.116,-3.786E-2,-4.474E-2,-5.495E-2,-7.003E-2
56.167,-0.110,-3.762E-2,-3.330E-2,-4.533E-2,-6.292E-2
56.200,-0.103,-3.723E-2,-2.106E-2,-3.524E-2,-5.503E-2
56.233,-9.523E-2,-3.650E-2,-9.122E-3,-2.495E-2,-4.706E-2
56.267,-8.736E-2,-3.534E-2,2.915E-3,-1.447E-2,-3.791E-2
56.300,-7.872E-2,-3.380E-2,1.535E-2,-3.770E-3,-2.898E-2
56.333,-6.972E-2,-3.174E-2,2.692E-2,6.814E-3,-1.954E-2
56.367,-6.047E-2,-2.954E-2,3.842E-2,1.703E-2,-1.062E-2
56.400,-5.089E-2,-2.669E-2,4.916E-2,2.731E-2,-9.194E-4
56.433,-4.135E-2,-2.359E-2,5.968E-2,3.725E-2,8.222E-3
56.467,-3.177E-2,-2.043E-2,6.925E-2,4.636E-2,1.706E-2
56.500,-2.224E-2,-1.684E-2,7.797E-2,5.488E-2,2.576E-2
56.533,-1.274E-2,-1.303E-2,8.649E-2,6.302E-2,3.418E-2
56.567,-4.037E-3,-8.934E-3,9.355E-2,7.013E-2,4.226E-2
56.600,4.643E-3,-4.948E-3,9.985E-2,7.662E-2,4.977E-2
56.633,1.279E-2,-7.523E-4,0.105,8.242E-2,5.660E-2
56.667,2.023E-2,3.467E-3,0.109,8.696E-2,6.292E-2
56.700,2.733E-2,7.237E-3,0.112,9.069E-2,6.885E-2
56.733,3.378E-2,1.138E-2,0.113,9.343E-2,7.382E-2
56.767,3.940E-2,1.522E-2,0.113,9.509E-2,7.771E-2
56.800,4.435E-2,1.916E-2,0.113,9.586E-2,8.113E-2
56.833,4.824E-2,2.286E-2,0.111,9.565E-2,8.351E-2
56.867,5.097E-2,2.619E-2,0.107,9.386E-2,8.491E-2
56.900,5.289E-2,2.954E-2,0.103,9.111E-2,8.512E-2
56.933,5.351E-2,3.236E-2,9.779E-2,8.770E-2,8.488E-2
56.967,5.345E-2,3.511E-2,9.090E-2,8.316E-2,8.301E-2
57.000,5.254E-2,3.728E-2,8.363E-2,7.766E-2,8.042E-2
57.033,5.067E-2,3.918E-2,7.533E-2,7.127E-2,7.694E-2
57.067,4.781E-2,4.065E-2,6.608E-2,6.384E-2,7.270E-2
57.100,4.410E-2,4.162E-2,5.600E-2,5.607E-2,6.753E-2
57.133,3.953E-2,4.245E-2,4.561E-2,4.754E-2,6.194E-2
57.167,3.389E-2,4.232E-2,3.480E-2,3.824E-2,5.503E-2
57.200,2.759E-2,4.199E-2,2.291E-2,2.852E-2,4.776E-2
57.233,2.046E-2,4.131E-2,1.120E-2,1.838E-2,3.922E-2
57.267,1.280E-2,4.005E-2,-2.481E-4,8.237E-3,3.122E-2
57.300,4.432E-3,3.844E-2,-1.248E-2,-2.233E-3,2.228E-2
57.333,-4.228E-3,3.645E-2,-2.385E-2,-1.238E-2,1.282E-2
57.367,-1.317E-2,3.385E-2,-3.552E-2,-2.265E-2,3.079E-3
57.400,-2.264E-2,3.090E-2,-4.675E-2,-3.285E-2,-6.705E-3
57.433,-3.213E-2,2.777E-2,-5.733E-2,-4.254E-2,-1.615E-2
57.467,-4.142E-2,2.449E-2,-6.721E-2,-5.202E-2,-2.546E-2
57.500,-5.136E-2,2.063E-2,-7.651E-2,-6.116E-2,-3.507E-2
57.533,-6.083E-2,1.665E-2,-8.493E-2,-6.959E-2,-4.363E-2
57.567,-7.000E-2,1.257E-2,-9.252E-2,-7.716E-2,-5.259E-2
57.600,-7.891E-2,8.229E-3,-9.885E-2,-8.411E-2,-6.058E-2
57.633,-8.780E-2,3.041E-3,-0.104,-9.023E-2,-6.802E-2
57.667,-9.595E-2,-1.523E-3,-0.109,-9.507E-2,-7.524E-2
57.700,-0.103,-6.110E-3,-0.112,-9.938E-2,-8.129E-2
57.733,-0.110,-1.088E-2,-0.114,-0.102,-8.638E-2
57.767,-0.117,-1.543E-2,-0.114,-0.104,-9.101E-2
57.800,-0.122,-1.992E-2,-0.113,-0.105,-9.464E-2
57.833,-0.127,-2.434E-2,-0.112,-0.105,-9.735E-2
57.867,-0.131,-2.867E-2,-0.108,-0.103,-9.920E-2
57.900,-0.133,-3.227E-2,-0.104,-0.101,-9.996E-2
57.933,-0.135,-3.574E-2,-9.861E-2,-9.719E-2,-9.922E-2
57.967,-0.136,-3.882E-2,-9.234E-2,-9.272E-2,-9.785E-2
58.000,-0.136,-4.152E-2,-8.462E-2,-8.709E-2,-9.520E-2
58.033,-0.134,-4.375E-2,-7.651E-2,-8.085E-2,-9.168E-2
58.067,-0.132,-4.612E-2,-6.706E-2,-7.346E-2,-8.738E-2
58.100,-0.129,-4.731E-2,-5.721E-2,-6.566E-2,-8.233E-2
58.133,-0.124,-4.846E-2,-4.691E-2,-5.723E-2,-7.613E-2
58.167,-0.119,-4.915E-2,-3.582E-2,-4.832E-2,-6.968E-2
58.200,-0.113,-4.886E-2,-2.495E-2,-3.885E-2,-6.224E-2
58.233,-0.106,-4.801E-2,-1.354E-2,-2.897E-2,-5.436E-2
58.267,-9.902E-2,-4.679E-2,-1.962E-3,-1.873E-2,-4.604E-2
58.300,-9.114E-2,-4.521E-2,9.194E-3,-8.487E-3,-3.689E-2
58.333,-8.255E-2,-4.306E-2,2.004E-2,1.672E-3,-2.756E-2
58.367,-7.359E-2,-4.051E-2,3.091E-2,1.191E-2,-1.814E-2
58.400,-6.429E-2,-3.756E-2,4.141E-2,2.206E-2,-8.901E-3
58.433,-5.473E-2,-3.406E-2,5.147E-2,3.161E-2,4.572E-4
58.467,-4.517E-2,-3.031E-2,6.078E-2,4.049E-2,9.818E-3
58.500,-3.589E-2,-2.630E-2,6.943E-2,4.920E-2,1.889E-2
58.533,-2.641E-2,-2.193E-2,7.721E-2,5.711E-2,2.770E-2
58.567,-1.710E-2,-1.730E-2,8.429E-2,6.451E-2,3.591E-2
58.600,-7.758E-3,-1.252E-2,9.054E-2,7.118E-2,4.375E-2
58.633,9.100E-4,-7.430E-3,9.571E-2,7.696E-2,5.131E-2
58.667,9.295E-3,-2.028E-3,9.970E-2,8.186E-2,5.807E-2
58.700,1.674E-2,2.895E-3,0.103,8.592E-2,6.409E-2
58.733,2.377E-2,8.035E-3,0.104,8.887E-2,6.960E-2
58.767,3.032E-2,1.304E-2,0.105,9.089E-2,7.418E-2
58.800,3.600E-2,1.794E-2,0.105,9.173E-2,7.813E-2
58.833,4.081E-2,2.269E-2,0.103,9.152E-2,8.070E-2
58.867,4.479E-2,2.733E-2,0.101,9.058E-2,8.273E-2
58.900,4.798E-2,3.141E-2,9.677E-2,8.853E-2,8.360E-2
58.933,5.027E-2,3.565E-2,9.214E-2,8.567E-2,8.368E-2
58.967,5.167E-2,3.910E-2,8.642E-2,8.159E-2,8.257E-2
59.000,5.173E-2,4.225E-2,7.958E-2,7.654E-2,8.075E-2
59.033,5.087E-2,4.478E-2,7.196E-2,7.080E-2,7.782E-2
59.067,4.893E-2,4.698E-2,6.358E-2,6.424E-2,7.415E-2
59.100,4.638E-2,4.867E-2,5.434E-2,5.723E-2,6.966E-2
59.133,4.256E-2,4.965E-2,4.468E-2,4.911E-2,6.426E-2
59.167,3.796E-2,5.017E-2,3.487E-2,4.046E-2,5.800E-2
59.200,3.250E-2,5.033E-2,2.382E-2,3.157E-2,5.101E-2
59.233,2.598E-2,5.008E-2,1.305E-2,2.212E-2,4.321E-2
59.267,1.899E-2,4.925E-2,2.411E-3,1.215E-2,3.503E-2
59.300,1.167E-2,4.766E-2,-8.612E-3,2.015E-3,2.617E-2
59.333,3.509E-3,4.554E-2,-1.955E-2,-8.229E-3,1.688E-2
59.367,-4.975E-3,4.305E-2,-3.075E-2,-1.837E-2,8.063E-3
59.400,-1.385E-2,3.990E-2,-4.117E-2,-2.831E-2,-1.100E-3
59.433,-2.361E-2,3.657E-2,-5.118E-2,-3.780E-2,-1.109E-2
59.467,-3.296E-2,3.259E-2,-6.083E-2,-4.719E-2,-2.024E-2
59.500,-4.279E-2,2.830E-2,-6.976E-2,-5.608E-2,-2.924E-2
59.533,-5.255E-2,2.344E-2,-7.809E-2,-6.415E-2,-3.853E-2
59.567,-6.229E-2,1.866E-2,-8.549E-2,-7.166E-2,-4.718E-2
59.600,-7.179E-2,1.353E-2,-9.217E-2,-7.853E-2,-5.513E-2
59.633,-8.073E-2,7.982E-3,-9.744E-2,-8.472E-2,-6.323E-2
59.667,-8.962E-2,2.158E-3,-0.102,-8.985E-2,-7.025E-2
59.700,-9.820E-2,-3.485E-3,-0.105,-9.416E-2,-7.641E-2
59.733,-0.106,-9.086E-3,-0.108,-9.783E-2,-8.206E-2
59.767,-0.113,-1.463E-2,-0.108,-0.100,-8.674E-2
59.800,-0.119,-2.001E-2,-0.108,-0.101,-9.043E-2
59.833,-0.125,-2.545E-2,-0.106,-0.101,-9.338E-2
59.867,-0.130,-3.043E-2,-0.104,-0.100,-9.527E-2
59.900,-0.133,-3.526E-2,-9.991E-2,-9.832E-2,-9.610E-2
59.933,-0.136,-3.935E-2,-9.517E-2,-9.527E-2,-9.608E-2
59.967,-0.138,-4.377E-2,-8.901E-2,-9.140E-2,-9.525E-2
60.000,-0.139,-4.742E-2,-8.280E-2,-8.659E-2,-9.326E-2
60.033,-0.139,-5.083E-2,-7.477E-2,-8.060E-2,-9.028E-2
60.067,-0.138,-5.337E-2,-6.668E-2,-7.414E-2,-8.648E-2
60.100,-0.136,-5.519E-2,-5.701E-2,-6.673E-2,-8.190E-2
60.133,-0.132,-5.704E-2,-4.771E-2,-5.884E-2,-7.677E-2
60.167,-0.128,-5.769E-2,-3.745E-2,-5.005E-2,-6.999E-2
60.200,-0.123,-5.808E-2,-2.680E-2,-4.116E-2,-6.325E-2
